"MODE_DSC","CARRIER_TYPE","FREIGHT_RATES_ID","PORTCARRIER_ID"
"AIR   ","V888888883_1",2111,7443
"AIR   ","V888888883_1",2112,7443
"AIR   ","V888888883_1",2113,7443
"AIR   ","V888888883_1",2114,7443
"AIR   ","V888888883_1",2115,7443
"AIR   ","V888888883_1",2116,7443
"AIR   ","V888888883_1",2117,7443
"AIR   ","V888888883_1",2118,7443
"AIR   ","V888888883_1",2119,7443
"AIR   ","V888888883_1",2120,7443
"AIR   ","V888888883_1",2121,7443
"AIR   ","V888888883_1",2122,7443
"AIR   ","V888888883_1",2123,7443
"AIR   ","V888888883_1",2124,7443
"AIR   ","V888888883_1",2125,7443
"AIR   ","V888888883_1",2126,7443
"AIR   ","V888888883_1",2127,7443
"AIR   ","V888888883_1",2128,7443
"AIR   ","V888888883_1",2129,7443
"AIR   ","V888888883_1",2130,7443
"AIR   ","V888888883_1",2131,7443
"AIR   ","V888888883_1",2132,7443
"AIR   ","V888888883_1",2133,7443
"AIR   ","V888888883_1",2134,7443
"AIR   ","V888888883_1",2135,7443
"AIR   ","V888888883_1",2136,7443
"AIR   ","V888888883_1",2137,7443
"AIR   ","V888888883_1",2138,7443
"AIR   ","V888888883_1",2139,7443
"AIR   ","V888888883_1",2140,7443
"AIR   ","V888888883_1",2141,7443
"AIR   ","V888888883_1",2142,7443
"AIR   ","V888888883_1",2143,7443
"AIR   ","V888888883_1",2144,7443
"AIR   ","V888888883_1",2145,7443
"AIR   ","V888888883_1",2146,7443
"AIR   ","V888888883_1",2147,7443
"AIR   ","V888888883_1",2148,7443
"AIR   ","V888888883_1",2149,7443
"AIR   ","V888888883_1",2150,7443
"AIR   ","V888888883_1",2151,7443
"AIR   ","V888888883_1",2152,7443
"AIR   ","V888888883_1",2153,7443
"AIR   ","V888888883_1",2154,7443
"AIR   ","V888888883_1",2155,7443
"AIR   ","V888888883_1",2156,7443
"AIR   ","V888888883_1",2157,7443
"AIR   ","V888888883_1",2158,7443
"AIR   ","V888888883_1",2159,7443
"AIR   ","V888888883_1",2160,7443
"AIR   ","V888888883_1",2161,7443
"AIR   ","V888888883_1",2162,7443
"AIR   ","V888888883_1",2163,7443
"AIR   ","V888888883_1",2164,7443
"AIR   ","V888888883_1",2165,7443
"AIR   ","V888888883_1",2166,7443
"AIR   ","V888888883_1",2167,7443
"AIR   ","V888888883_1",2168,7443
"AIR   ","V888888883_1",2169,7443
"AIR   ","V888888883_1",2170,7443
"AIR   ","V888888883_1",2171,7443
"AIR   ","V888888883_1",2172,7443
"AIR   ","V888888883_1",2173,7443
"AIR   ","V888888883_1",2174,7443
"AIR   ","V888888883_1",2175,7443
"AIR   ","V888888883_1",2176,7443
"AIR   ","V888888883_1",2177,7443
"AIR   ","V888888883_1",2178,7443
"AIR   ","V888888883_1",2179,7443
"AIR   ","V888888883_1",2180,7443
"AIR   ","V888888883_1",2181,7443
"AIR   ","V888888883_1",2182,7443
"AIR   ","V888888883_1",2183,7443
"AIR   ","V888888883_1",2184,7443
"AIR   ","V888888883_1",2185,7443
"AIR   ","V888888883_1",2186,7443
"AIR   ","V888888883_1",2187,7443
"AIR   ","V888888883_1",2188,7443
"AIR   ","V888888883_1",2189,7443
"AIR   ","V888888883_1",2190,7443
"AIR   ","V888888883_1",2191,7443
"AIR   ","V888888883_1",2192,7443
"AIR   ","V888888883_1",2193,7443
"AIR   ","V888888883_1",2194,7443
"AIR   ","V888888883_1",2195,7443
"AIR   ","V888888883_1",2196,7443
"AIR   ","V888888883_1",2197,7443
"AIR   ","V888888883_1",2198,7443
"AIR   ","V888888883_1",2199,7443
"AIR   ","V888888883_1",2200,7443
"AIR   ","V888888883_1",2201,7443
"AIR   ","V888888883_1",2202,7443
"AIR   ","V888888883_1",2203,7443
"AIR   ","V888888883_1",2204,7443
"AIR   ","V888888883_1",2205,7443
"AIR   ","V888888883_1",2206,7443
"AIR   ","V888888883_1",2207,7443
"AIR   ","V888888883_1",2208,7443
"AIR   ","V888888883_1",2209,7443
"AIR   ","V888888883_1",2210,7443
"AIR   ","V888888883_1",2211,7443
"AIR   ","V888888883_1",2212,7443
"AIR   ","V888888883_1",2213,7443
"AIR   ","V888888883_1",2214,7443
"AIR   ","V88888888_0",2215,7432
"AIR   ","V88888888_0",2216,7432
"AIR   ","V88888888_0",2217,7432
"AIR   ","V88888888_0",2218,7432
"AIR   ","V88888888_0",2219,7432
"AIR   ","V88888888_0",2220,7432
"AIR   ","V88888888_0",2221,7432
"AIR   ","V88888888_0",2222,7432
"AIR   ","V88888888_0",2223,7432
"AIR   ","V88888888_0",2224,7432
"AIR   ","V88888888_0",2225,7432
"AIR   ","V88888888_0",2226,7432
"AIR   ","V88888888_0",2227,7432
"AIR   ","V88888888_0",2228,7432
"AIR   ","V88888888_0",2229,7432
"AIR   ","V88888888_0",2230,7432
"AIR   ","V88888888_0",2231,7432
"AIR   ","V88888888_0",2232,7432
"AIR   ","V88888888_0",2233,7432
"AIR   ","V88888888_0",2234,7433
"AIR   ","V88888888_0",2235,7433
"AIR   ","V88888888_0",2236,7433
"AIR   ","V88888888_0",2237,7433
"AIR   ","V88888888_0",2238,7433
"AIR   ","V88888888_0",2239,7433
"AIR   ","V88888888_0",2240,7433
"AIR   ","V88888888_0",2241,7433
"AIR   ","V88888888_0",2242,7433
"AIR   ","V88888888_0",2243,7433
"AIR   ","V88888888_0",2244,7433
"AIR   ","V88888888_0",2245,7433
"AIR   ","V88888888_0",2246,7433
"AIR   ","V88888888_0",2247,7433
"AIR   ","V88888888_0",2248,7433
"AIR   ","V88888888_0",2249,7433
"AIR   ","V88888888_0",2250,7433
"AIR   ","V88888888_0",2251,7433
"AIR   ","V88888888_0",2252,7433
"AIR   ","V88888888_0",2253,7451
"AIR   ","V88888888_0",2254,7451
"AIR   ","V88888888_0",2255,7451
"AIR   ","V88888888_0",2256,7451
"AIR   ","V88888888_0",2257,7451
"AIR   ","V88888888_0",2258,7453
"AIR   ","V88888888_0",2259,7453
"AIR   ","V88888888_0",2260,7453
"AIR   ","V88888888_0",2261,7453
"AIR   ","V88888888_0",2262,7453
"AIR   ","V88888888_0",2263,7454
"AIR   ","V88888888_0",2264,7454
"AIR   ","V88888888_0",2265,7454
"AIR   ","V88888888_0",2266,7454
"AIR   ","V88888888_0",2267,7454
"AIR   ","V88888888_0",2268,7434
"AIR   ","V88888888_0",2269,7434
"AIR   ","V88888888_0",2270,7434
"AIR   ","V88888888_0",2271,7434
"AIR   ","V88888888_0",2272,7434
"AIR   ","V88888888_0",2273,7455
"AIR   ","V88888888_0",2274,7455
"AIR   ","V88888888_0",2275,7455
"AIR   ","V88888888_0",2276,7455
"AIR   ","V88888888_0",2277,7455
"AIR   ","V88888888_0",2278,7456
"AIR   ","V88888888_0",2279,7456
"AIR   ","V88888888_0",2280,7456
"AIR   ","V88888888_0",2281,7456
"AIR   ","V88888888_0",2282,7456
"AIR   ","V88888888_0",2283,7413
"AIR   ","V88888888_0",2284,7413
"AIR   ","V88888888_0",2285,7413
"AIR   ","V88888888_0",2286,7413
"AIR   ","V88888888_0",2287,7413
"AIR   ","V88888888_0",2288,7419
"AIR   ","V88888888_0",2289,7419
"AIR   ","V88888888_0",2290,7419
"AIR   ","V88888888_0",2291,7419
"AIR   ","V88888888_0",2292,7419
"AIR   ","V88888888_0",2293,7416
"AIR   ","V88888888_0",2294,7416
"AIR   ","V88888888_0",2295,7416
"AIR   ","V88888888_0",2296,7416
"AIR   ","V88888888_0",2297,7416
"AIR   ","V88888888_0",2298,7421
"AIR   ","V88888888_0",2299,7421
"AIR   ","V88888888_0",2300,7421
"AIR   ","V88888888_0",2301,7421
"AIR   ","V88888888_0",2302,7421
"AIR   ","V88888888_0",2303,7451
"AIR   ","V88888888_0",2304,7451
"AIR   ","V88888888_0",2305,7451
"AIR   ","V88888888_0",2306,7451
"AIR   ","V88888888_0",2307,7451
"AIR   ","V88888888_0",2308,7413
"AIR   ","V88888888_0",2309,7413
"AIR   ","V88888888_0",2310,7413
"AIR   ","V88888888_0",2311,7413
"AIR   ","V88888888_0",2312,7413
"AIR   ","V88888888_0",2313,7414
"AIR   ","V88888888_0",2314,7414
"AIR   ","V88888888_0",2315,7414
"AIR   ","V88888888_0",2316,7414
"AIR   ","V88888888_0",2317,7414
"AIR   ","V88888888_0",2318,7453
"AIR   ","V88888888_0",2319,7453
"AIR   ","V88888888_0",2320,7453
"AIR   ","V88888888_0",2321,7453
"AIR   ","V88888888_0",2322,7453
"AIR   ","V88888888_0",2323,7415
"AIR   ","V88888888_0",2324,7415
"AIR   ","V88888888_0",2325,7415
"AIR   ","V88888888_0",2326,7415
"AIR   ","V88888888_0",2327,7415
"AIR   ","V88888888_0",2328,7454
"AIR   ","V88888888_0",2329,7454
"AIR   ","V88888888_0",2330,7454
"AIR   ","V88888888_0",2331,7454
"AIR   ","V88888888_0",2332,7454
"AIR   ","V88888888_0",2333,7416
"AIR   ","V88888888_0",2334,7416
"AIR   ","V88888888_0",2335,7416
"AIR   ","V88888888_0",2336,7416
"AIR   ","V88888888_0",2337,7416
"AIR   ","V88888888_0",2338,7417
"AIR   ","V88888888_0",2339,7417
"AIR   ","V88888888_0",2340,7417
"AIR   ","V88888888_0",2341,7417
"AIR   ","V88888888_0",2342,7417
"AIR   ","V88888888_0",2343,7455
"AIR   ","V88888888_0",2344,7455
"AIR   ","V88888888_0",2345,7455
"AIR   ","V88888888_0",2346,7455
"AIR   ","V88888888_0",2347,7455
"AIR   ","V88888888_0",2348,7421
"AIR   ","V88888888_0",2349,7421
"AIR   ","V88888888_0",2350,7421
"AIR   ","V88888888_0",2351,7421
"AIR   ","V88888888_0",2352,7421
"AIR   ","V888888883_1",2353,7423
"AIR   ","V888888883_1",2354,7423
"AIR   ","V888888883_1",2355,7423
"AIR   ","V888888883_1",2356,7423
"AIR   ","V888888883_1",2357,7423
"AIR   ","V888888883_1",2358,7423
"AIR   ","V888888883_1",2359,7423
"AIR   ","V888888883_1",2360,7423
"AIR   ","V888888883_1",2361,7423
"AIR   ","V888888883_1",2362,7423
"AIR   ","V888888883_1",2363,7423
"AIR   ","V888888883_1",2364,7423
"AIR   ","V888888883_1",2365,7423
"AIR   ","V888888883_1",2366,7423
"AIR   ","V888888883_1",2367,7423
"AIR   ","V888888883_1",2368,7423
"AIR   ","V88888888_0",2369,7456
"AIR   ","V88888888_0",2370,7456
"AIR   ","V88888888_0",2371,7456
"AIR   ","V88888888_0",2372,7456
"AIR   ","V88888888_0",2373,7456
"AIR   ","V88888888_0",2374,7419
"AIR   ","V88888888_0",2375,7419
"AIR   ","V88888888_0",2376,7419
"AIR   ","V88888888_0",2377,7419
"AIR   ","V88888888_0",2378,7419
"AIR   ","V88888888_0",2379,7418
"AIR   ","V88888888_0",2380,7418
"AIR   ","V88888888_0",2381,7418
"AIR   ","V88888888_0",2382,7418
"AIR   ","V88888888_0",2383,7418
"AIR   ","V88888888_0",2384,7429
"AIR   ","V88888888_0",2385,7429
"AIR   ","V88888888_0",2386,7429
"AIR   ","V88888888_0",2387,7429
"AIR   ","V88888888_0",2388,7429
"AIR   ","V88888888_0",2389,7439
"AIR   ","V88888888_0",2390,7439
"AIR   ","V88888888_0",2391,7439
"AIR   ","V88888888_0",2392,7439
"AIR   ","V88888888_0",2393,7439
"AIR   ","V88888888_0",2394,7419
"AIR   ","V88888888_0",2395,7419
"AIR   ","V88888888_0",2396,7419
"AIR   ","V88888888_0",2397,7419
"AIR   ","V88888888_0",2398,7419
"AIR   ","V88888888_0",2399,7425
"AIR   ","V88888888_0",2400,7425
"AIR   ","V88888888_0",2401,7425
"AIR   ","V88888888_0",2402,7425
"AIR   ","V88888888_0",2403,7425
"AIR   ","V88888888_0",2404,7426
"AIR   ","V88888888_0",2405,7426
"AIR   ","V88888888_0",2406,7426
"AIR   ","V88888888_0",2407,7426
"AIR   ","V88888888_0",2408,7426
"AIR   ","V88888888_0",2409,7420
"AIR   ","V88888888_0",2410,7420
"AIR   ","V88888888_0",2411,7420
"AIR   ","V88888888_0",2412,7420
"AIR   ","V88888888_0",2413,7420
"AIR   ","V88888888_0",2414,7427
"AIR   ","V88888888_0",2415,7427
"AIR   ","V88888888_0",2416,7427
"AIR   ","V88888888_0",2417,7427
"AIR   ","V88888888_0",2418,7427
"AIR   ","V88888888_0",2419,7430
"AIR   ","V88888888_0",2420,7430
"AIR   ","V88888888_0",2421,7430
"AIR   ","V88888888_0",2423,7430
"AIR   ","V88888888_0",2424,7421
"AIR   ","V88888888_0",2425,7421
"AIR   ","V88888888_0",2426,7421
"AIR   ","V88888888_0",2427,7421
"AIR   ","V88888888_0",2428,7421
"AIR   ","V88888888_0",2429,7422
"AIR   ","V88888888_0",2430,7422
"AIR   ","V88888888_0",2431,7422
"AIR   ","V88888888_0",2432,7422
"AIR   ","V88888888_0",2433,7422
"AIR   ","V888888883_1",2434,7423
"AIR   ","V888888883_1",2435,7423
"AIR   ","V888888883_1",2436,7423
"AIR   ","V888888883_1",2437,7423
"AIR   ","V888888883_1",2438,7423
"AIR   ","V888888883_1",2439,7423
"AIR   ","V888888883_1",2440,7423
"AIR   ","V888888883_1",2441,7423
"AIR   ","V888888883_1",2442,7423
"AIR   ","V888888883_1",2443,7423
"AIR   ","V888888883_1",2444,7423
"AIR   ","V888888883_1",2445,7423
"AIR   ","V888888883_1",2446,7423
"AIR   ","V888888883_1",2447,7423
"AIR   ","V888888883_1",2448,7423
"AIR   ","V888888883_1",2449,7423
"AIR   ","V888888883_1",2450,7424
"AIR   ","V888888883_1",2451,7424
"AIR   ","V888888883_1",2452,7424
"AIR   ","V888888883_1",2453,7424
"AIR   ","V888888883_1",2454,7424
"AIR   ","V888888883_1",2455,7424
"AIR   ","V888888883_1",2456,7424
"AIR   ","V888888883_1",2457,7424
"AIR   ","V888888883_1",2458,7424
"AIR   ","V888888883_1",2459,7424
"AIR   ","V888888883_1",2460,7424
"AIR   ","V888888883_1",2461,7424
"AIR   ","V888888883_1",2462,7424
"AIR   ","V888888883_1",2463,7424
"AIR   ","V888888883_1",2464,7424
"AIR   ","V888888883_1",2465,7424
"AIR   ","V888888883_1",2466,7424
"AIR   ","V888888883_1",2467,7424
"AIR   ","V888888883_1",2468,7424
"AIR   ","V888888883_1",2469,7424
"AIR   ","V888888883_1",2470,7424
"AIR   ","V888888883_1",2471,7424
"AIR   ","V888888883_1",2472,7424
"AIR   ","V888888883_1",2473,7424
"AIR   ","V888888883_1",2474,7424
"AIR   ","V888888883_1",2475,7424
"AIR   ","V888888883_1",2476,7424
"AIR   ","V888888883_1",2477,7424
"AIR   ","V888888883_1",2478,7424
"AIR   ","V888888883_1",2479,7424
"AIR   ","V888888883_1",2480,7424
"AIR   ","V888888883_1",2481,7424
"AIR   ","V888888883_1",2482,7424
"AIR   ","V888888883_1",2483,7424
"AIR   ","V888888883_1",2484,7424
"AIR   ","V888888883_1",2485,7424
"AIR   ","V888888883_1",2486,7424
"AIR   ","V888888883_1",2487,7424
"AIR   ","V888888883_1",2488,7424
"AIR   ","V888888883_1",2489,7424
"AIR   ","V888888883_1",2490,7424
"AIR   ","V888888883_1",2491,7424
"AIR   ","V888888883_1",2492,7424
"AIR   ","V888888883_1",2493,7424
"AIR   ","V888888883_1",2494,7424
"AIR   ","V888888883_1",2495,7424
"AIR   ","V888888883_1",2496,7424
"AIR   ","V888888883_1",2497,7424
"AIR   ","V888888883_1",2498,7424
"AIR   ","V888888883_1",2499,7424
"AIR   ","V888888883_1",2500,7424
"AIR   ","V888888883_1",2501,7424
"AIR   ","V888888883_1",2502,7424
"AIR   ","V888888883_1",2503,7424
"AIR   ","V888888883_1",2504,7424
"AIR   ","V888888883_1",2505,7424
"AIR   ","V888888883_1",2506,7424
"AIR   ","V888888883_1",2507,7424
"AIR   ","V888888883_1",2508,7424
"AIR   ","V888888883_1",2509,7424
"AIR   ","V888888883_1",2510,7424
"AIR   ","V888888883_1",2511,7424
"AIR   ","V888888883_1",2512,7424
"AIR   ","V888888883_1",2513,7424
"AIR   ","V888888883_1",2514,7424
"AIR   ","V888888883_1",2515,7424
"AIR   ","V888888883_1",2516,7424
"AIR   ","V888888883_1",2517,7424
"AIR   ","V888888883_1",2518,7424
"AIR   ","V888888883_1",2519,7424
"AIR   ","V888888883_1",2520,7424
"AIR   ","V888888883_1",2521,7424
"AIR   ","V888888883_1",2522,7424
"AIR   ","V888888883_1",2523,7424
"AIR   ","V888888883_1",2524,7424
"AIR   ","V888888883_1",2525,7424
"AIR   ","V888888883_1",2526,7424
"AIR   ","V888888883_1",2528,7424
"AIR   ","V888888883_1",2529,7424
"AIR   ","V888888883_1",2530,7424
"AIR   ","V888888883_1",2531,7424
"AIR   ","V888888883_1",2532,7424
"AIR   ","V888888883_1",2533,7424
"AIR   ","V888888883_1",2534,7424
"AIR   ","V888888883_1",2535,7424
"AIR   ","V888888883_1",2536,7424
"AIR   ","V888888883_1",2537,7424
"AIR   ","V888888883_1",2538,7424
"AIR   ","V888888883_1",2539,7424
"AIR   ","V888888883_1",2540,7424
"AIR   ","V888888883_1",2541,7424
"AIR   ","V888888883_1",2542,7424
"AIR   ","V888888883_1",2543,7424
"AIR   ","V888888883_1",2544,7424
"AIR   ","V888888883_1",2545,7424
"AIR   ","V888888883_1",2546,7424
"AIR   ","V888888883_1",2547,7424
"AIR   ","V888888883_1",2548,7424
"AIR   ","V888888883_1",2549,7424
"AIR   ","V888888883_1",2550,7424
"AIR   ","V888888883_1",2551,7424
"AIR   ","V888888883_1",2552,7424
"AIR   ","V888888883_1",2553,7424
"AIR   ","V888888883_1",2554,7424
"AIR   ","V888888883_1",2555,7424
"AIR   ","V888888883_1",2556,7424
"AIR   ","V888888883_1",2557,7424
"AIR   ","V888888883_1",2558,7424
"AIR   ","V888888883_1",2559,7424
"AIR   ","V888888883_1",2560,7424
"AIR   ","V888888883_1",2561,7424
"AIR   ","V888888883_1",2562,7424
"AIR   ","V888888883_1",2563,7424
"AIR   ","V888888883_1",2564,7424
"AIR   ","V888888883_1",2565,7424
"AIR   ","V888888883_1",2566,7424
"AIR   ","V888888883_1",2567,7424
"AIR   ","V888888883_1",2568,7424
"AIR   ","V888888883_1",2569,7424
"AIR   ","V888888883_1",2570,7424
"AIR   ","V888888883_1",2571,7424
"AIR   ","V888888883_1",2572,7424
"AIR   ","V888888883_1",2573,7424
"AIR   ","V888888883_1",2574,7424
"AIR   ","V888888883_1",2575,7424
"AIR   ","V888888883_1",2576,7424
"AIR   ","V888888883_1",2577,7424
"AIR   ","V888888883_1",2578,7424
"AIR   ","V888888883_1",2579,7424
"AIR   ","V888888883_1",2580,7424
"AIR   ","V888888883_1",2581,7424
"AIR   ","V888888883_1",2582,7424
"AIR   ","V888888883_1",2583,7424
"AIR   ","V888888883_1",2584,7424
"AIR   ","V888888883_1",2585,7424
"AIR   ","V888888883_1",2586,7424
"AIR   ","V888888883_1",2587,7424
"AIR   ","V888888883_1",2588,7424
"AIR   ","V888888883_1",2589,7424
"AIR   ","V888888883_1",2590,7424
"AIR   ","V888888883_1",2591,7424
"AIR   ","V888888883_1",2592,7424
"AIR   ","V888888883_1",2593,7424
"AIR   ","V888888883_1",2594,7424
"AIR   ","V888888883_1",2595,7424
"AIR   ","V888888883_1",2596,7424
"AIR   ","V888888883_1",2597,7424
"AIR   ","V888888883_1",2598,7424
"AIR   ","V888888883_1",2599,7424
"AIR   ","V888888883_1",2600,7424
"AIR   ","V88888888_0",2601,7439
"AIR   ","V88888888_0",2602,7439
"AIR   ","V88888888_0",2603,7439
"AIR   ","V88888888_0",2604,7439
"AIR   ","V88888888_0",2605,7439
"AIR   ","V88888888_0",2606,7440
"AIR   ","V88888888_0",2607,7440
"AIR   ","V88888888_0",2608,7440
"AIR   ","V88888888_0",2609,7440
"AIR   ","V88888888_0",2610,7440
"AIR   ","V888888883_1",2611,7443
"AIR   ","V888888883_1",2612,7443
"AIR   ","V888888883_1",2613,7443
"AIR   ","V888888883_1",2614,7443
"AIR   ","V888888883_1",2615,7443
"AIR   ","V888888883_1",2616,7443
"AIR   ","V888888883_1",2617,7443
"AIR   ","V888888883_1",2618,7443
"AIR   ","V888888883_1",2619,7443
"AIR   ","V888888883_1",2620,7443
"AIR   ","V888888883_1",2621,7443
"AIR   ","V888888883_1",2622,7443
"AIR   ","V888888883_1",2623,7443
"AIR   ","V888888883_1",2624,7443
"AIR   ","V888888883_1",2625,7443
"AIR   ","V888888883_1",2626,7443
"AIR   ","V888888883_1",2627,7443
"AIR   ","V888888883_1",2628,7443
"AIR   ","V888888883_1",2629,7443
"AIR   ","V888888883_1",2630,7443
"AIR   ","V888888883_1",2631,7443
"AIR   ","V888888883_1",2632,7443
"AIR   ","V888888883_1",2633,7445
"AIR   ","V888888883_1",2634,7445
"AIR   ","V888888883_1",2635,7445
"AIR   ","V888888883_1",2636,7445
"AIR   ","V888888883_1",2637,7445
"AIR   ","V888888883_1",2638,7445
"AIR   ","V888888883_1",2639,7445
"AIR   ","V888888883_1",2640,7445
"AIR   ","V888888883_1",2641,7445
"AIR   ","V888888883_1",2642,7445
"AIR   ","V888888883_1",2643,7445
"AIR   ","V888888883_1",2644,7445
"AIR   ","V888888883_1",2645,7445
"AIR   ","V888888883_1",2646,7445
"AIR   ","V888888883_1",2647,7445
"AIR   ","V888888883_1",2648,7445
"AIR   ","V888888883_1",2649,7445
"AIR   ","V888888883_1",2650,7445
"AIR   ","V888888883_1",2651,7445
"AIR   ","V888888883_1",2652,7445
"AIR   ","V888888883_1",2653,7445
"AIR   ","V888888883_1",2654,7445
"AIR   ","V888888883_1",2655,7445
"AIR   ","V888888883_1",2656,7445
"AIR   ","V888888883_1",2657,7445
"AIR   ","V888888883_1",2658,7445
"AIR   ","V888888883_1",2659,7445
"AIR   ","V888888883_1",2660,7445
"AIR   ","V888888883_1",2661,7445
"AIR   ","V888888883_1",2662,7445
"AIR   ","V888888883_1",2663,7445
"AIR   ","V888888883_1",2664,7445
"AIR   ","V888888883_1",2665,7445
"AIR   ","V888888883_1",2666,7445
"AIR   ","V888888883_1",2667,7445
"AIR   ","V888888883_1",2668,7445
"AIR   ","V888888883_1",2669,7445
"AIR   ","V888888883_1",2670,7445
"AIR   ","V888888883_1",2671,7445
"AIR   ","V888888883_1",2672,7445
"AIR   ","V888888883_1",2673,7445
"AIR   ","V888888883_1",2674,7445
"AIR   ","V888888883_1",2675,7445
"AIR   ","V888888883_1",2676,7445
"AIR   ","V888888883_1",2677,7445
"AIR   ","V888888883_1",2678,7445
"AIR   ","V888888883_1",2679,7445
"AIR   ","V888888883_1",2680,7445
"AIR   ","V888888883_1",2681,7445
"AIR   ","V888888883_1",2682,7445
"AIR   ","V888888883_1",2683,7445
"AIR   ","V888888883_1",2684,7445
"AIR   ","V888888883_1",2685,7445
"AIR   ","V888888883_1",2686,7445
"AIR   ","V888888883_1",2687,7445
"AIR   ","V888888883_1",2688,7445
"AIR   ","V888888883_1",2689,7445
"AIR   ","V888888883_1",2690,7445
"AIR   ","V888888883_1",2691,7445
"AIR   ","V888888883_1",2692,7445
"AIR   ","V888888883_1",2693,7445
"AIR   ","V888888883_1",2694,7445
"AIR   ","V888888883_1",2695,7445
"AIR   ","V888888883_1",2696,7445
"AIR   ","V888888883_1",2697,7445
"AIR   ","V888888883_1",2698,7445
"AIR   ","V888888883_1",2699,7445
"AIR   ","V888888883_1",2700,7445
"AIR   ","V888888883_1",2701,7445
"AIR   ","V888888883_1",2702,7445
"AIR   ","V888888883_1",2703,7445
"AIR   ","V888888883_1",2704,7445
"AIR   ","V888888883_1",2705,7445
"AIR   ","V888888883_1",2706,7445
"AIR   ","V888888883_1",2707,7445
"AIR   ","V888888883_1",2708,7445
"AIR   ","V888888883_1",2709,7445
"AIR   ","V888888883_1",2710,7445
"AIR   ","V888888883_1",2711,7445
"AIR   ","V888888883_1",2712,7445
"AIR   ","V888888883_1",2713,7445
"AIR   ","V888888883_1",2714,7445
"AIR   ","V888888883_1",2715,7445
"AIR   ","V888888883_1",2716,7445
"AIR   ","V888888883_1",2717,7445
"AIR   ","V888888883_1",2718,7445
"AIR   ","V888888883_1",2719,7445
"AIR   ","V888888883_1",2720,7445
"AIR   ","V888888883_1",2721,7445
"AIR   ","V888888883_1",2722,7445
"AIR   ","V888888883_1",2723,7445
"AIR   ","V888888883_1",2724,7445
"AIR   ","V888888883_1",2725,7445
"AIR   ","V888888883_1",2726,7445
"AIR   ","V888888883_1",2727,7445
"AIR   ","V888888883_1",2728,7445
"AIR   ","V888888883_1",2729,7445
"AIR   ","V888888883_1",2730,7445
"AIR   ","V888888883_1",2731,7445
"AIR   ","V888888883_1",2732,7445
"AIR   ","V888888883_1",2733,7445
"AIR   ","V888888883_1",2734,7445
"AIR   ","V888888883_1",2735,7445
"AIR   ","V888888883_1",2736,7445
"AIR   ","V888888883_1",2737,7445
"AIR   ","V888888883_1",2738,7445
"AIR   ","V888888883_1",2739,7445
"AIR   ","V888888883_1",2740,7445
"AIR   ","V888888883_1",2741,7445
"AIR   ","V888888883_1",2742,7445
"AIR   ","V888888883_1",2743,7445
"AIR   ","V888888883_1",2744,7445
"AIR   ","V888888883_1",2745,7445
"AIR   ","V888888883_1",2746,7445
"AIR   ","V888888883_1",2747,7445
"AIR   ","V888888883_1",2748,7445
"AIR   ","V888888883_1",2749,7445
"AIR   ","V888888883_1",2750,7445
"AIR   ","V888888883_1",2751,7445
"AIR   ","V888888883_1",2752,7445
"AIR   ","V88888888_0",2753,7451
"AIR   ","V88888888_0",2754,7451
"AIR   ","V88888888_0",2755,7451
"AIR   ","V88888888_0",2756,7451
"AIR   ","V88888888_0",2757,7451
"AIR   ","V88888888_0",2758,7453
"AIR   ","V88888888_0",2759,7453
"AIR   ","V88888888_0",2760,7453
"AIR   ","V88888888_0",2761,7453
"AIR   ","V88888888_0",2762,7453
"AIR   ","V88888888_0",2763,7425
"AIR   ","V88888888_0",2764,7425
"AIR   ","V88888888_0",2765,7425
"AIR   ","V88888888_0",2766,7425
"AIR   ","V88888888_0",2767,7425
"AIR   ","V88888888_0",2768,7426
"AIR   ","V88888888_0",2769,7426
"AIR   ","V88888888_0",2770,7426
"AIR   ","V88888888_0",2771,7426
"AIR   ","V88888888_0",2772,7426
"AIR   ","V88888888_0",2773,7454
"AIR   ","V88888888_0",2774,7454
"AIR   ","V88888888_0",2775,7454
"AIR   ","V88888888_0",2776,7454
"AIR   ","V88888888_0",2777,7454
"AIR   ","V888888883_1",2778,7435
"AIR   ","V888888883_1",2779,7435
"AIR   ","V888888883_1",2780,7435
"AIR   ","V888888883_1",2781,7435
"AIR   ","V888888883_1",2782,7435
"AIR   ","V888888883_1",2783,7435
"AIR   ","V888888883_1",2784,7435
"AIR   ","V888888883_1",2785,7435
"AIR   ","V888888883_1",2786,7435
"AIR   ","V888888883_1",2787,7435
"AIR   ","V888888883_1",2788,7435
"AIR   ","V888888883_1",2789,7435
"AIR   ","V888888883_1",2790,7435
"AIR   ","V888888883_1",2791,7435
"AIR   ","V888888883_1",2792,7435
"AIR   ","V888888883_1",2793,7435
"AIR   ","V888888883_1",2794,7435
"AIR   ","V888888883_1",2795,7435
"AIR   ","V888888883_1",2796,7435
"AIR   ","V888888883_1",2797,7435
"AIR   ","V88888888_0",2798,7455
"AIR   ","V88888888_0",2799,7455
"AIR   ","V88888888_0",2800,7455
"AIR   ","V88888888_0",2801,7455
"AIR   ","V88888888_0",2802,7455
"AIR   ","V88888888_0",2803,7427
"AIR   ","V88888888_0",2804,7427
"AIR   ","V88888888_0",2805,7427
"AIR   ","V88888888_0",2806,7427
"AIR   ","V88888888_0",2807,7427
"AIR   ","V88888888_0",2808,7428
"AIR   ","V88888888_0",2809,7428
"AIR   ","V88888888_0",2810,7428
"AIR   ","V88888888_0",2811,7428
"AIR   ","V88888888_0",2812,7428
"AIR   ","V88888888_0",2813,7428
"AIR   ","V88888888_0",2814,7428
"AIR   ","V88888888_0",2815,7428
"AIR   ","V88888888_0",2816,7428
"AIR   ","V88888888_0",2817,7428
"AIR   ","V88888888_0",2818,7428
"AIR   ","V88888888_0",2819,7428
"AIR   ","V88888888_0",2820,7428
"AIR   ","V88888888_0",2821,7428
"AIR   ","V88888888_0",2822,7428
"AIR   ","V88888888_0",2823,7429
"AIR   ","V88888888_0",2824,7429
"AIR   ","V88888888_0",2825,7429
"AIR   ","V88888888_0",2826,7429
"AIR   ","V88888888_0",2827,7429
"AIR   ","V88888888_0",2828,7430
"AIR   ","V88888888_0",2829,7430
"AIR   ","V88888888_0",2830,7430
"AIR   ","V88888888_0",2831,7430
"AIR   ","V88888888_0",2832,7430
"AIR   ","V888888883_1",2833,7437
"AIR   ","V888888883_1",2834,7437
"AIR   ","V888888883_1",2835,7437
"AIR   ","V888888883_1",2836,7437
"AIR   ","V888888883_1",2838,7437
"AIR   ","V888888883_1",2839,7437
"AIR   ","V888888883_1",2840,7437
"AIR   ","V888888883_1",2841,7437
"AIR   ","V888888883_1",2842,7442
"AIR   ","V888888883_1",2843,7442
"AIR   ","V888888883_1",2844,7442
"AIR   ","V888888883_1",2845,7442
"AIR   ","V888888883_1",2846,7442
"AIR   ","V888888883_1",2847,7442
"AIR   ","V888888883_1",2848,7442
"AIR   ","V888888883_1",2849,7442
"AIR   ","V888888883_1",2850,7442
"AIR   ","V888888883_1",2851,7442
"AIR   ","V888888883_1",2852,7442
"AIR   ","V888888883_1",2853,7442
"AIR   ","V888888883_1",2854,7442
"AIR   ","V888888883_1",2855,7442
"AIR   ","V888888883_1",2856,7442
"AIR   ","V888888883_1",2857,7442
"AIR   ","V888888883_1",2858,7442
"AIR   ","V888888883_1",2859,7442
"AIR   ","V888888883_1",2860,7442
"AIR   ","V888888883_1",2861,7442
"AIR   ","V888888883_1",2862,7442
"AIR   ","V888888883_1",2863,7442
"AIR   ","V888888883_1",2864,7442
"AIR   ","V888888883_1",2865,7442
"AIR   ","V888888883_1",2866,7442
"AIR   ","V888888883_1",2867,7442
"AIR   ","V888888883_1",2868,7442
"AIR   ","V888888883_1",2869,7442
"AIR   ","V888888883_1",2870,7442
"AIR   ","V888888883_1",2871,7442
"AIR   ","V888888883_1",2872,7442
"AIR   ","V888888883_1",2873,7442
"AIR   ","V888888883_1",2874,7442
"AIR   ","V888888883_1",2875,7442
"AIR   ","V888888883_1",2876,7442
"AIR   ","V888888883_1",2877,7442
"AIR   ","V888888883_1",2878,7442
"AIR   ","V888888883_1",2879,7442
"AIR   ","V888888883_1",2880,7442
"AIR   ","V888888883_1",2881,7442
"AIR   ","V888888883_1",2882,7442
"AIR   ","V888888883_1",2883,7442
"AIR   ","V888888883_1",2884,7442
"AIR   ","V888888883_1",2885,7442
"AIR   ","V888888883_1",2886,7442
"AIR   ","V888888883_1",2887,7442
"AIR   ","V888888883_1",2888,7442
"AIR   ","V888888883_1",2889,7442
"AIR   ","V888888883_1",2890,7442
"AIR   ","V888888883_1",2891,7442
"AIR   ","V888888883_1",2892,7442
"AIR   ","V888888883_1",2893,7442
"AIR   ","V888888883_1",2894,7442
"AIR   ","V888888883_1",2895,7442
"AIR   ","V888888883_1",2896,7442
"AIR   ","V888888883_1",2897,7442
"AIR   ","V888888883_1",2898,7442
"AIR   ","V888888883_1",2899,7442
"AIR   ","V888888883_1",2900,7442
"AIR   ","V888888883_1",2901,7442
"AIR   ","V888888883_1",2902,7442
"AIR   ","V888888883_1",2903,7442
"AIR   ","V888888883_1",2904,7442
"AIR   ","V888888883_1",2905,7442
"AIR   ","V888888883_1",2906,7442
"AIR   ","V888888883_1",2907,7442
"AIR   ","V888888883_1",2908,7442
"AIR   ","V888888883_1",2909,7442
"AIR   ","V888888883_1",2910,7442
"AIR   ","V888888883_1",2911,7442
"AIR   ","V888888883_1",2912,7442
"AIR   ","V888888883_1",2913,7442
"AIR   ","V888888883_1",2914,7442
"AIR   ","V888888883_1",2915,7442
"AIR   ","V888888883_1",2916,7442
"AIR   ","V888888883_1",2917,7442
"AIR   ","V888888883_1",2918,7442
"AIR   ","V888888883_1",2919,7442
"AIR   ","V888888883_1",2920,7435
"AIR   ","V888888883_1",2921,7435
"AIR   ","V888888883_1",2922,7435
"AIR   ","V888888883_1",2923,7435
"AIR   ","V888888883_1",2924,7435
"AIR   ","V888888883_1",2925,7435
"AIR   ","V888888883_1",2926,7435
"AIR   ","V888888883_1",2927,7435
"AIR   ","V888888883_1",2928,7435
"AIR   ","V888888883_1",2929,7435
"AIR   ","V888888883_1",2930,7435
"AIR   ","V888888883_1",2931,7435
"AIR   ","V888888883_1",2932,7435
"AIR   ","V888888883_1",2933,7435
"AIR   ","V888888883_1",2934,7435
"AIR   ","V888888883_1",2935,7435
"AIR   ","V888888883_1",2936,7435
"AIR   ","V888888883_1",2937,7435
"AIR   ","V888888883_1",2938,7435
"AIR   ","V888888883_1",2939,7435
"AIR   ","V888888883_1",2940,7431
"AIR   ","V888888883_1",2941,7431
"AIR   ","V888888883_1",2942,7431
"AIR   ","V888888883_1",2943,7431
"AIR   ","V888888883_1",2944,7431
"AIR   ","V888888883_1",2945,7431
"AIR   ","V888888883_1",2946,7431
"AIR   ","V888888883_1",2947,7431
"AIR   ","V888888883_1",2948,7431
"AIR   ","V888888883_1",2949,7431
"AIR   ","V888888883_1",2950,7431
"AIR   ","V888888883_1",2951,7431
"AIR   ","V888888883_1",2952,7431
"AIR   ","V888888883_1",2953,7431
"AIR   ","V888888883_1",2954,7431
"AIR   ","V888888883_1",2955,7431
"AIR   ","V888888883_1",2956,7431
"AIR   ","V888888883_1",2957,7431
"AIR   ","V888888883_1",2958,7431
"AIR   ","V888888883_1",2959,7431
"AIR   ","V888888883_1",2960,7436
"AIR   ","V888888883_1",2961,7436
"AIR   ","V888888883_1",2962,7436
"AIR   ","V888888883_1",2963,7436
"AIR   ","V888888883_1",2964,7436
"AIR   ","V888888883_1",2965,7436
"AIR   ","V888888883_1",2966,7436
"AIR   ","V888888883_1",2967,7436
"AIR   ","V888888883_1",2968,7436
"AIR   ","V888888883_1",2969,7436
"AIR   ","V888888883_1",2970,7436
"AIR   ","V888888883_1",2971,7436
"AIR   ","V888888883_1",2972,7436
"AIR   ","V888888883_1",2973,7436
"AIR   ","V888888883_1",2974,7436
"AIR   ","V888888883_1",2975,7436
"AIR   ","V888888883_1",2976,7436
"AIR   ","V888888883_1",2977,7436
"AIR   ","V888888883_1",2978,7436
"AIR   ","V888888883_1",2979,7436
"AIR   ","V888888883_1",2980,7436
"AIR   ","V888888883_1",2981,7436
"AIR   ","V888888883_1",2982,7436
"AIR   ","V888888883_1",2983,7436
"AIR   ","V888888883_1",2984,7436
"AIR   ","V888888883_1",2985,7436
"AIR   ","V888888883_1",2986,7436
"AIR   ","V888888883_1",2987,7436
"AIR   ","V888888883_1",2988,7436
"AIR   ","V888888883_1",2989,7436
"AIR   ","V888888883_1",2990,7436
"AIR   ","V888888883_1",2991,7436
"AIR   ","V888888883_1",2992,7436
"AIR   ","V888888883_1",2993,7436
"AIR   ","V888888883_1",2994,7436
"AIR   ","V888888883_1",2995,7436
"AIR   ","V888888883_1",2996,7436
"AIR   ","V888888883_1",2997,7436
"AIR   ","V888888883_1",2998,7436
"AIR   ","V888888883_1",2999,7436
"AIR   ","V888888883_1",3000,7436
"AIR   ","V888888883_1",3001,7436
"AIR   ","V888888883_1",3002,7436
"AIR   ","V888888883_1",3003,7436
"AIR   ","V888888883_1",3004,7436
"AIR   ","V888888883_1",3005,7436
"AIR   ","V888888883_1",3006,7436
"AIR   ","V888888883_1",3007,7436
"AIR   ","V888888883_1",3008,7436
"AIR   ","V888888883_1",3009,7436
"AIR   ","V888888883_1",3010,7436
"AIR   ","V888888883_1",3011,7436
"AIR   ","V888888883_1",3012,7436
"AIR   ","V888888883_1",3013,7436
"AIR   ","V888888883_1",3014,7436
"AIR   ","V888888883_1",3015,7436
"AIR   ","V888888883_1",3016,7436
"AIR   ","V888888883_1",3017,7436
"AIR   ","V888888883_1",3018,7436
"AIR   ","V888888883_1",3019,7436
"AIR   ","V888888883_1",3020,7436
"AIR   ","V888888883_1",3021,7436
"AIR   ","V888888883_1",3022,7436
"AIR   ","V888888883_1",3023,7436
"AIR   ","V888888883_1",3024,7436
"AIR   ","V888888883_1",3025,7436
"AIR   ","V888888883_1",3026,7436
"AIR   ","V888888883_1",3027,7436
"AIR   ","V888888883_1",3028,7436
"AIR   ","V888888883_1",3029,7436
"AIR   ","V888888883_1",3030,7436
"AIR   ","V888888883_1",3031,7436
"AIR   ","V888888883_1",3032,7436
"AIR   ","V888888883_1",3033,7436
"AIR   ","V888888883_1",3034,7436
"AIR   ","V888888883_1",3035,7436
"AIR   ","V888888883_1",3036,7436
"AIR   ","V888888883_1",3037,7436
"AIR   ","V888888883_1",3038,7436
"AIR   ","V888888883_1",3039,7436
"AIR   ","V888888883_1",3040,7436
"AIR   ","V888888883_1",3041,7436
"AIR   ","V888888883_1",3042,7436
"AIR   ","V888888883_1",3043,7436
"AIR   ","V888888883_1",3045,7436
"AIR   ","V888888883_1",3046,7436
"AIR   ","V888888883_1",3047,7436
"AIR   ","V888888883_1",3048,7436
"AIR   ","V888888883_1",3049,7436
"AIR   ","V888888883_1",3050,7436
"AIR   ","V888888883_1",3051,7436
"AIR   ","V888888883_1",3052,7436
"AIR   ","V888888883_1",3053,7436
"AIR   ","V888888883_1",3054,7436
"AIR   ","V888888883_1",3055,7436
"AIR   ","V888888883_1",3056,7436
"AIR   ","V888888883_1",3057,7436
"AIR   ","V888888883_1",3058,7436
"AIR   ","V888888883_1",3059,7436
"AIR   ","V888888883_1",3060,7436
"AIR   ","V888888883_1",3061,7436
"AIR   ","V888888883_1",3062,7436
"AIR   ","V888888883_1",3063,7436
"AIR   ","V888888883_1",3064,7436
"AIR   ","V888888883_1",3065,7436
"AIR   ","V888888883_1",3066,7436
"AIR   ","V888888883_1",3067,7436
"AIR   ","V888888883_1",3068,7436
"AIR   ","V888888883_1",3069,7436
"AIR   ","V888888883_1",3070,7436
"AIR   ","V888888883_1",3071,7436
"AIR   ","V888888883_1",3072,7436
"AIR   ","V888888883_1",3073,7436
"AIR   ","V888888883_1",3074,7436
"AIR   ","V888888883_1",3075,7436
"AIR   ","V888888883_1",3076,7436
"AIR   ","V888888883_1",3077,7436
"AIR   ","V888888883_1",3078,7436
"AIR   ","V888888883_1",3079,7436
"AIR   ","V888888883_1",3080,7436
"AIR   ","V888888883_1",3081,7436
"AIR   ","V888888883_1",3082,7436
"AIR   ","V888888883_1",3083,7436
"AIR   ","V888888883_1",3084,7436
"AIR   ","V888888883_1",3085,7436
"AIR   ","V888888883_1",3086,7436
"AIR   ","V888888883_1",3087,7436
"AIR   ","V888888883_1",3088,7436
"AIR   ","V888888883_1",3089,7436
"AIR   ","V888888883_1",3090,7436
"AIR   ","V888888883_1",3091,7436
"AIR   ","V888888883_1",3092,7436
"AIR   ","V888888883_1",3093,7436
"AIR   ","V888888883_1",3094,7436
"AIR   ","V888888883_1",3095,7436
"AIR   ","V888888883_1",3096,7436
"AIR   ","V888888883_1",3097,7436
"AIR   ","V888888883_1",3098,7436
"AIR   ","V888888883_1",3099,7436
"AIR   ","V888888883_1",3100,7436
"AIR   ","V888888883_1",3101,7436
"AIR   ","V888888883_1",3102,7436
"AIR   ","V888888883_1",3103,7436
"AIR   ","V888888883_1",3104,7436
"AIR   ","V888888883_1",3105,7436
"AIR   ","V888888883_1",3106,7436
"AIR   ","V888888883_1",3107,7436
"AIR   ","V888888883_1",3108,7436
"AIR   ","V888888883_1",3109,7436
"AIR   ","V888888883_1",3110,7436
"AIR   ","V888888883_1",3111,7437
"AIR   ","V888888883_1",3112,7437
"AIR   ","V888888883_1",3113,7437
"AIR   ","V888888883_1",3114,7437
"AIR   ","V888888883_1",3115,7437
"AIR   ","V888888883_1",3116,7437
"AIR   ","V888888883_1",3117,7437
"AIR   ","V888888883_1",3118,7437
"AIR   ","V888888883_1",3119,7437
"AIR   ","V888888883_1",3120,7437
"AIR   ","V888888883_1",3121,7437
"AIR   ","V888888883_1",3122,7437
"AIR   ","V888888883_1",3123,7437
"AIR   ","V888888883_1",3124,7437
"AIR   ","V888888883_1",3125,7437
"AIR   ","V888888883_1",3126,7437
"AIR   ","V888888883_1",3127,7437
"AIR   ","V888888883_1",3128,7437
"AIR   ","V888888883_1",3129,7437
"AIR   ","V888888883_1",3130,7437
"AIR   ","V888888883_1",3131,7437
"AIR   ","V888888883_1",3132,7437
"AIR   ","V888888883_1",3133,7437
"AIR   ","V888888883_1",3134,7437
"AIR   ","V888888883_1",3135,7446
"AIR   ","V888888883_1",3136,7446
"AIR   ","V888888883_1",3137,7446
"AIR   ","V888888883_1",3138,7446
"AIR   ","V888888883_1",3139,7446
"AIR   ","V888888883_1",3140,7446
"AIR   ","V888888883_1",3141,7446
"AIR   ","V888888883_1",3142,7446
"AIR   ","V888888883_1",3143,7446
"AIR   ","V888888883_1",3144,7446
"AIR   ","V888888883_1",3145,7446
"AIR   ","V888888883_1",3146,7446
"AIR   ","V888888883_1",3147,7446
"AIR   ","V888888883_1",3148,7446
"AIR   ","V888888883_1",3149,7446
"AIR   ","V888888883_1",3150,7446
"AIR   ","V888888883_1",3151,7446
"AIR   ","V888888883_1",3152,7446
"AIR   ","V888888883_1",3153,7446
"AIR   ","V888888883_1",3154,7446
"AIR   ","V888888883_1",3155,7437
"AIR   ","V888888883_1",3156,7437
"AIR   ","V888888883_1",3157,7437
"AIR   ","V888888883_1",3158,7437
"AIR   ","V888888883_1",3159,7437
"AIR   ","V888888883_1",3160,7437
"AIR   ","V888888883_1",3161,7437
"AIR   ","V888888883_1",3162,7437
"AIR   ","V888888883_1",3163,7437
"AIR   ","V888888883_1",3164,7437
"AIR   ","V888888883_1",3165,7437
"AIR   ","V888888883_1",3166,7437
"AIR   ","V888888883_1",3167,7437
"AIR   ","V888888883_1",3168,7437
"AIR   ","V888888883_1",3169,7437
"GROUND","V88888888_0",3170,7438
"AIR   ","V88888888_0",3171,7456
"AIR   ","V88888888_0",3172,7456
"AIR   ","V88888888_0",3173,7456
"AIR   ","V88888888_0",3174,7456
"AIR   ","V88888888_0",3175,7456
"AIR   ","V88888888_0",3176,7439
"AIR   ","V88888888_0",3177,7439
"AIR   ","V88888888_0",3178,7439
"AIR   ","V88888888_0",3179,7439
"AIR   ","V88888888_0",3180,7439
"AIR   ","V88888888_0",3181,7440
"AIR   ","V88888888_0",3182,7440
"AIR   ","V88888888_0",3183,7440
"AIR   ","V88888888_0",3184,7440
"AIR   ","V88888888_0",3185,7440
"GROUND","V88888888_0",3186,7441
"AIR   ","V888888883_1",3187,7442
"AIR   ","V888888883_1",3188,7442
"AIR   ","V888888883_1",3189,7442
"AIR   ","V888888883_1",3190,7442
"AIR   ","V888888883_1",3191,7442
"AIR   ","V888888883_1",3192,7442
"AIR   ","V888888883_1",3193,7442
"AIR   ","V888888883_1",3194,7442
"AIR   ","V888888883_1",3195,7442
"AIR   ","V888888883_1",3196,7442
"AIR   ","V888888883_1",3197,7442
"AIR   ","V888888883_1",3198,7442
"AIR   ","V888888883_1",3199,7442
"AIR   ","V888888883_1",3200,7442
"AIR   ","V888888883_1",3201,7442
"AIR   ","V888888883_1",3202,7442
"AIR   ","V888888883_1",3203,7442
"AIR   ","V888888883_1",3204,7442
"AIR   ","V888888883_1",3205,7442
"AIR   ","V888888883_1",3206,7442
"AIR   ","V888888883_1",3207,7442
"AIR   ","V888888883_1",3208,7442
"AIR   ","V888888883_1",3209,7442
"AIR   ","V888888883_1",3210,7442
"AIR   ","V888888883_1",3211,7442
"AIR   ","V888888883_1",3212,7442
"AIR   ","V888888883_1",3213,7442
"AIR   ","V888888883_1",3214,7442
"AIR   ","V888888883_1",3215,7442
"AIR   ","V888888883_1",3216,7442
"AIR   ","V888888883_1",3217,7442
"AIR   ","V888888883_1",3218,7442
"AIR   ","V888888883_1",3219,7442
"AIR   ","V888888883_1",3220,7442
"AIR   ","V888888883_1",3221,7442
"AIR   ","V888888883_1",3222,7442
"AIR   ","V888888883_1",3223,7442
"AIR   ","V888888883_1",3224,7442
"AIR   ","V888888883_1",3225,7442
"AIR   ","V888888883_1",3226,7442
"AIR   ","V888888883_1",3227,7442
"AIR   ","V888888883_1",3228,7442
"AIR   ","V888888883_1",3229,7442
"AIR   ","V888888883_1",3230,7442
"AIR   ","V888888883_1",3231,7442
"AIR   ","V888888883_1",3232,7442
"AIR   ","V888888883_1",3233,7442
"AIR   ","V888888883_1",3234,7442
"AIR   ","V888888883_1",3235,7442
"AIR   ","V888888883_1",3236,7442
"AIR   ","V888888883_1",3237,7442
"AIR   ","V888888883_1",3238,7442
"AIR   ","V888888883_1",3239,7442
"AIR   ","V888888883_1",3240,7442
"AIR   ","V888888883_1",3241,7442
"AIR   ","V888888883_1",3242,7442
"AIR   ","V888888883_1",3243,7442
"AIR   ","V888888883_1",3244,7442
"AIR   ","V888888883_1",3245,7442
"AIR   ","V888888883_1",3246,7442
"AIR   ","V888888883_1",3247,7442
"AIR   ","V888888883_1",3248,7442
"AIR   ","V888888883_1",3249,7442
"AIR   ","V888888883_1",3250,7442
"AIR   ","V888888883_1",3251,7442
"AIR   ","V888888883_1",3252,7442
"AIR   ","V888888883_1",3253,7442
"AIR   ","V888888883_1",3254,7442
"AIR   ","V888888883_1",3256,7442
"AIR   ","V888888883_1",3257,7442
"AIR   ","V888888883_1",3258,7442
"AIR   ","V888888883_1",3259,7442
"AIR   ","V888888883_1",3260,7443
"AIR   ","V888888883_1",3261,7443
"AIR   ","V888888883_1",3262,7443
"AIR   ","V888888883_1",3263,7443
"AIR   ","V888888883_1",3264,7443
"AIR   ","V888888883_1",3265,7443
"AIR   ","V888888883_1",3266,7443
"AIR   ","V888888883_1",3267,7443
"AIR   ","V888888883_1",3268,7443
"AIR   ","V888888883_1",3269,7443
"AIR   ","V888888883_1",3270,7443
"AIR   ","V888888883_1",3271,7443
"AIR   ","V888888883_1",3272,7443
"AIR   ","V888888883_1",3273,7443
"AIR   ","V888888883_1",3274,7443
"AIR   ","V888888883_1",3275,7443
"AIR   ","V888888883_1",3276,7443
"AIR   ","V888888883_1",3277,7443
"AIR   ","V888888883_1",3278,7443
"AIR   ","V888888883_1",3279,7443
"AIR   ","V888888883_1",3280,7443
"AIR   ","V888888883_1",3281,7443
"AIR   ","V888888883_1",3282,7443
"AIR   ","V888888883_1",3283,7443
"AIR   ","V888888883_1",3284,7443
"AIR   ","V888888883_1",3285,7443
"AIR   ","V888888883_1",3286,7444
"AIR   ","V888888883_1",3287,7444
"AIR   ","V888888883_1",3288,7444
"AIR   ","V888888883_1",3289,7444
"AIR   ","V888888883_1",3290,7444
"AIR   ","V888888883_1",3291,7444
"AIR   ","V888888883_1",3292,7444
"AIR   ","V888888883_1",3293,7444
"AIR   ","V888888883_1",3294,7444
"AIR   ","V888888883_1",3295,7444
"AIR   ","V888888883_1",3296,7444
"AIR   ","V888888883_1",3297,7444
"AIR   ","V888888883_1",3298,7444
"AIR   ","V888888883_1",3299,7444
"AIR   ","V888888883_1",3300,7444
"AIR   ","V888888883_1",3301,7444
"AIR   ","V888888883_1",3302,7444
"AIR   ","V888888883_1",3303,7444
"AIR   ","V888888883_1",3304,7444
"AIR   ","V888888883_1",3305,7444
"AIR   ","V888888883_1",3306,7444
"AIR   ","V888888883_1",3307,7444
"AIR   ","V888888883_1",3308,7444
"AIR   ","V888888883_1",3309,7444
"AIR   ","V888888883_1",3310,7444
"AIR   ","V888888883_1",3311,7444
"AIR   ","V888888883_1",3312,7444
"AIR   ","V888888883_1",3313,7444
"AIR   ","V888888883_1",3314,7444
"AIR   ","V888888883_1",3315,7444
"AIR   ","V888888883_1",3316,7444
"AIR   ","V888888883_1",3317,7444
"AIR   ","V888888883_1",3318,7444
"AIR   ","V888888883_1",3319,7444
"AIR   ","V888888883_1",3320,7444
"AIR   ","V888888883_1",3321,7444
"AIR   ","V888888883_1",3322,7444
"AIR   ","V888888883_1",3323,7444
"AIR   ","V888888883_1",3324,7444
"AIR   ","V888888883_1",3325,7444
"AIR   ","V888888883_1",3326,7444
"AIR   ","V888888883_1",3327,7444
"AIR   ","V888888883_1",3328,7444
"AIR   ","V888888883_1",3329,7444
"AIR   ","V888888883_1",3330,7444
"AIR   ","V888888883_1",3331,7444
"AIR   ","V888888883_1",3332,7444
"AIR   ","V888888883_1",3333,7444
"AIR   ","V888888883_1",3334,7444
"AIR   ","V888888883_1",3335,7444
"AIR   ","V888888883_1",3336,7444
"AIR   ","V888888883_1",3337,7444
"AIR   ","V888888883_1",3338,7444
"AIR   ","V888888883_1",3339,7444
"AIR   ","V888888883_1",3340,7444
"AIR   ","V888888883_1",3341,7444
"AIR   ","V888888883_1",3342,7444
"AIR   ","V888888883_1",3343,7444
"AIR   ","V888888883_1",3344,7444
"AIR   ","V888888883_1",3345,7444
"AIR   ","V888888883_1",3346,7444
"AIR   ","V888888883_1",3347,7444
"AIR   ","V888888883_1",3348,7444
"AIR   ","V888888883_1",3349,7444
"AIR   ","V888888883_1",3350,7444
"AIR   ","V888888883_1",3351,7444
"AIR   ","V888888883_1",3352,7444
"AIR   ","V888888883_1",3353,7444
"AIR   ","V888888883_1",3354,7444
"AIR   ","V888888883_1",3355,7444
"AIR   ","V888888883_1",3356,7444
"AIR   ","V888888883_1",3357,7444
"AIR   ","V888888883_1",3358,7444
"AIR   ","V888888883_1",3359,7444
"AIR   ","V888888883_1",3360,7444
"AIR   ","V888888883_1",3361,7444
"AIR   ","V888888883_1",3362,7444
"AIR   ","V888888883_1",3363,7444
"AIR   ","V888888883_1",3364,7444
"AIR   ","V888888883_1",3365,7444
"AIR   ","V888888883_1",3366,7444
"AIR   ","V888888883_1",3367,7444
"AIR   ","V888888883_1",3368,7444
"AIR   ","V888888883_1",3369,7444
"AIR   ","V888888883_1",3370,7444
"AIR   ","V888888883_1",3371,7444
"AIR   ","V888888883_1",3372,7444
"AIR   ","V888888883_1",3373,7444
"AIR   ","V888888883_1",3374,7444
"AIR   ","V888888883_1",3375,7444
"AIR   ","V888888883_1",3376,7444
"AIR   ","V888888883_1",3377,7444
"AIR   ","V888888883_1",3378,7444
"AIR   ","V888888883_1",3379,7444
"AIR   ","V888888883_1",3380,7444
"AIR   ","V888888883_1",3381,7444
"AIR   ","V888888883_1",3382,7444
"AIR   ","V888888883_1",3383,7444
"AIR   ","V888888883_1",3384,7444
"AIR   ","V888888883_1",3385,7444
"AIR   ","V888888883_1",3386,7444
"AIR   ","V888888883_1",3387,7444
"AIR   ","V888888883_1",3388,7444
"AIR   ","V888888883_1",3389,7444
"AIR   ","V888888883_1",3390,7444
"AIR   ","V888888883_1",3391,7444
"AIR   ","V888888883_1",3392,7444
"AIR   ","V888888883_1",3393,7444
"AIR   ","V888888883_1",3394,7444
"AIR   ","V888888883_1",3395,7444
"AIR   ","V888888883_1",3396,7444
"AIR   ","V888888883_1",3397,7444
"AIR   ","V888888883_1",3398,7444
"AIR   ","V888888883_1",3399,7444
"AIR   ","V888888883_1",3400,7444
"AIR   ","V888888883_1",3401,7444
"AIR   ","V888888883_1",3402,7444
"AIR   ","V888888883_1",3403,7444
"AIR   ","V888888883_1",3404,7444
"AIR   ","V888888883_1",3405,7444
"AIR   ","V888888883_1",3406,7444
"AIR   ","V888888883_1",3407,7444
"AIR   ","V888888883_1",3408,7444
"AIR   ","V888888883_1",3409,7444
"AIR   ","V888888883_1",3410,7444
"AIR   ","V888888883_1",3411,7444
"AIR   ","V888888883_1",3412,7444
"AIR   ","V888888883_1",3413,7444
"AIR   ","V888888883_1",3414,7444
"AIR   ","V888888883_1",3415,7444
"AIR   ","V888888883_1",3416,7444
"AIR   ","V888888883_1",3417,7444
"AIR   ","V888888883_1",3418,7444
"AIR   ","V888888883_1",3419,7444
"AIR   ","V888888883_1",3420,7444
"AIR   ","V888888883_1",3421,7444
"AIR   ","V888888883_1",3422,7444
"AIR   ","V888888883_1",3423,7444
"AIR   ","V888888883_1",3424,7444
"AIR   ","V888888883_1",3425,7444
"AIR   ","V888888883_1",3426,7444
"AIR   ","V888888883_1",3427,7444
"AIR   ","V888888883_1",3428,7444
"AIR   ","V888888883_1",3429,7444
"AIR   ","V888888883_1",3430,7444
"AIR   ","V888888883_1",3431,7444
"AIR   ","V888888883_1",3432,7444
"AIR   ","V888888883_1",3433,7444
"AIR   ","V888888883_1",3434,7444
"AIR   ","V888888883_1",3435,7444
"AIR   ","V888888883_1",3436,7444
"AIR   ","V888888883_1",3437,7445
"AIR   ","V888888883_1",3438,7445
"AIR   ","V888888883_1",3439,7445
"AIR   ","V888888883_1",3440,7445
"AIR   ","V888888883_1",3441,7445
"AIR   ","V888888883_1",3442,7445
"AIR   ","V888888883_1",3443,7445
"AIR   ","V888888883_1",3444,7445
"AIR   ","V888888883_1",3445,7445
"AIR   ","V888888883_1",3446,7445
"AIR   ","V888888883_1",3447,7445
"AIR   ","V888888883_1",3448,7445
"AIR   ","V888888883_1",3449,7445
"AIR   ","V888888883_1",3450,7445
"AIR   ","V888888883_1",3451,7445
"AIR   ","V888888883_1",3452,7445
"AIR   ","V888888883_1",3453,7445
"AIR   ","V888888883_1",3454,7445
"AIR   ","V888888883_1",3455,7445
"AIR   ","V888888883_1",3456,7445
"AIR   ","V888888883_1",3457,7445
"AIR   ","V888888883_1",3458,7445
"AIR   ","V888888883_1",3459,7445
"AIR   ","V888888883_1",3460,7445
"AIR   ","V888888883_1",3461,7445
"AIR   ","V888888883_1",3462,7445
"AIR   ","V888888883_1",3463,7445
"AIR   ","V888888883_1",3464,7445
"AIR   ","V888888883_1",3465,7445
"AIR   ","V888888883_1",3466,7445
"AIR   ","V888888883_1",3467,7445
"AIR   ","V888888883_1",3468,7446
"AIR   ","V888888883_1",3469,7446
"AIR   ","V888888883_1",3470,7446
"AIR   ","V888888883_1",3471,7446
"AIR   ","V888888883_1",3472,7446
"AIR   ","V888888883_1",3473,7446
"AIR   ","V888888883_1",3474,7446
"AIR   ","V888888883_1",3475,7446
"AIR   ","V888888883_1",3476,7446
"AIR   ","V888888883_1",3477,7446
"AIR   ","V888888883_1",3478,7446
"AIR   ","V888888883_1",3479,7446
"AIR   ","V888888883_1",3480,7446
"AIR   ","V888888883_1",3481,7446
"AIR   ","V888888883_1",3482,7446
"AIR   ","V888888883_1",3483,7446
"AIR   ","V888888883_1",3484,7446
"AIR   ","V888888883_1",3485,7446
"AIR   ","V888888883_1",3486,7446
"AIR   ","V888888883_1",3487,7446
"AIR   ","V888888883_1",3488,7446
"AIR   ","V888888883_1",3489,7446
"AIR   ","V888888883_1",3490,7446
"AIR   ","V888888883_1",3491,7446
"AIR   ","V888888883_1",3492,7446
"AIR   ","V888888883_1",3493,7446
"AIR   ","V888888883_1",3494,7446
"AIR   ","V888888883_1",3495,7446
"AIR   ","V888888883_1",3496,7446
"AIR   ","V888888883_1",3497,7446
"AIR   ","V888888883_1",3498,7446
"AIR   ","V888888883_1",3499,7446
"AIR   ","V888888883_1",3500,7446
"AIR   ","V888888883_1",3501,7446
"AIR   ","V888888883_1",3502,7446
"AIR   ","V888888883_1",3503,7446
"AIR   ","V888888883_1",3504,7446
"AIR   ","V888888883_1",3505,7446
"AIR   ","V888888883_1",3506,7446
"AIR   ","V888888883_1",3507,7446
"AIR   ","V888888883_1",3508,7446
"AIR   ","V888888883_1",3509,7446
"AIR   ","V888888883_1",3510,7446
"AIR   ","V888888883_1",3511,7446
"AIR   ","V888888883_1",3512,7446
"AIR   ","V888888883_1",3513,7446
"AIR   ","V888888883_1",3514,7446
"AIR   ","V888888883_1",3515,7446
"AIR   ","V888888883_1",3516,7446
"AIR   ","V888888883_1",3517,7446
"AIR   ","V888888883_1",3518,7446
"AIR   ","V888888883_1",3519,7446
"AIR   ","V888888883_1",3520,7446
"AIR   ","V888888883_1",3521,7446
"AIR   ","V888888883_1",3522,7446
"AIR   ","V888888883_1",3523,7446
"AIR   ","V888888883_1",3524,7446
"AIR   ","V888888883_1",3525,7446
"AIR   ","V888888883_1",3526,7446
"AIR   ","V888888883_1",3527,7446
"AIR   ","V888888883_1",3528,7446
"AIR   ","V888888883_1",3529,7446
"AIR   ","V888888883_1",3530,7446
"AIR   ","V888888883_1",3531,7446
"AIR   ","V888888883_1",3532,7446
"AIR   ","V888888883_1",3533,7446
"AIR   ","V888888883_1",3534,7446
"AIR   ","V888888883_1",3535,7446
"AIR   ","V888888883_1",3536,7446
"AIR   ","V888888883_1",3537,7446
"AIR   ","V888888883_1",3538,7446
"AIR   ","V888888883_1",3539,7446
"AIR   ","V888888883_1",3540,7446
"AIR   ","V888888883_1",3541,7446
"AIR   ","V888888883_1",3542,7446
"AIR   ","V888888883_1",3543,7446
"AIR   ","V888888883_1",3544,7446
"AIR   ","V888888883_1",3545,7446
"AIR   ","V888888883_1",3546,7446
"AIR   ","V888888883_1",3547,7446
"AIR   ","V888888883_1",3548,7446
"AIR   ","V888888883_1",3549,7446
"AIR   ","V888888883_1",3550,7446
"AIR   ","V888888883_1",3551,7446
"AIR   ","V888888883_1",3552,7446
"AIR   ","V888888883_1",3553,7446
"AIR   ","V888888883_1",3554,7446
"AIR   ","V888888883_1",3555,7446
"AIR   ","V888888883_1",3556,7446
"AIR   ","V888888883_1",3557,7446
"AIR   ","V888888883_1",3558,7446
"AIR   ","V888888883_1",3559,7446
"AIR   ","V888888883_1",3560,7446
"AIR   ","V888888883_1",3561,7446
"AIR   ","V888888883_1",3562,7446
"AIR   ","V888888883_1",3563,7446
"AIR   ","V888888883_1",3564,7446
"AIR   ","V888888883_1",3565,7446
"AIR   ","V888888883_1",3566,7446
"AIR   ","V888888883_1",3567,7446
"AIR   ","V888888883_1",3568,7446
"AIR   ","V888888883_1",3569,7446
"AIR   ","V888888883_1",3570,7446
"AIR   ","V888888883_1",3571,7446
"AIR   ","V888888883_1",3572,7446
"AIR   ","V888888883_1",3573,7446
"AIR   ","V888888883_1",3574,7446
"AIR   ","V888888883_1",3575,7446
"AIR   ","V888888883_1",3576,7446
"AIR   ","V888888883_1",3577,7446
"AIR   ","V888888883_1",3578,7446
"AIR   ","V888888883_1",3579,7446
"AIR   ","V888888883_1",3580,7446
"AIR   ","V888888883_1",3581,7446
"AIR   ","V888888883_1",3582,7446
"AIR   ","V888888883_1",3583,7446
"AIR   ","V888888883_1",3584,7446
"AIR   ","V888888883_1",3585,7446
"AIR   ","V888888883_1",3586,7446
"AIR   ","V888888883_1",3587,7446
"AIR   ","V888888883_1",3588,7446
"AIR   ","V888888883_1",3589,7446
"AIR   ","V888888883_1",3590,7446
"AIR   ","V888888883_1",3591,7446
"AIR   ","V888888883_1",3592,7446
"AIR   ","V888888883_1",3593,7446
"AIR   ","V888888883_1",3594,7446
"AIR   ","V888888883_1",3595,7446
"AIR   ","V888888883_1",3596,7446
"AIR   ","V888888883_1",3597,7446
"AIR   ","V888888883_1",3598,7446
"GROUND","V88888888_0",3599,7447
"GROUND","V88888888_0",3600,7447
"GROUND","V88888888_0",3601,7447
"GROUND","V88888888_0",3602,7447
"GROUND","V88888888_0",3603,7447
"GROUND","V88888888_0",3604,7447
"GROUND","V88888888_0",3605,7447
"GROUND","V88888888_0",3606,7447
"GROUND","V88888888_0",3607,7447
"GROUND","V88888888_0",3608,7447
"GROUND","V88888888_0",3609,7447
"GROUND","V88888888_0",3610,7447
"GROUND","V88888888_0",3611,7448
"GROUND","V88888888_0",3612,7448
"GROUND","V88888888_0",3613,7448
"GROUND","V88888888_0",3614,7448
"GROUND","V88888888_0",3615,7448
"GROUND","V88888888_0",3616,7448
"GROUND","V88888888_0",3617,7448
"GROUND","V88888888_0",3618,7448
"GROUND","V88888888_0",3619,7448
"GROUND","V88888888_0",3620,7448
"GROUND","V88888888_0",3621,7448
"GROUND","V88888888_0",3622,7448
"GROUND","V88888888_0",3623,7449
"GROUND","V88888888_0",3624,7450
"AIR   ","V88888888_0",3625,7451
"AIR   ","V88888888_0",3626,7451
"AIR   ","V88888888_0",3627,7451
"AIR   ","V88888888_0",3628,7451
"AIR   ","V88888888_0",3629,7451
"GROUND","V88888888_0",3630,7452
"AIR   ","V88888888_0",3631,7453
"AIR   ","V88888888_0",3632,7453
"AIR   ","V88888888_0",3633,7453
"AIR   ","V88888888_0",3634,7453
"AIR   ","V88888888_0",3635,7453
"AIR   ","V88888888_0",3636,7454
"AIR   ","V88888888_0",3637,7454
"AIR   ","V88888888_0",3638,7454
"AIR   ","V88888888_0",3639,7454
"AIR   ","V88888888_0",3640,7454
"AIR   ","V88888888_0",3641,7455
"AIR   ","V88888888_0",3642,7455
"AIR   ","V88888888_0",3643,7455
"AIR   ","V88888888_0",3644,7455
"AIR   ","V88888888_0",3645,7455
"AIR   ","V88888888_0",3646,7456
"AIR   ","V88888888_0",3647,7456
"AIR   ","V88888888_0",3648,7456
"AIR   ","V88888888_0",3649,7456
"AIR   ","V88888888_0",3650,7456
"AIR   ","V88888888_0",2422,7430
"AIR   ","V888888883_1",2527,7424
"AIR   ","V888888883_1",2837,7437
"AIR   ","V888888883_1",3044,7436
"AIR   ","V888888883_1",3255,7442
