"PORTS","PLANTCODE_CONSTRAINT_ID","PLANTPRODCUST_ID","LOCATION_ID"
"",2,5432,
"",3,5433,
"",5,5435,
"",6,5436,
"",7,5437,
"",8,5438,
"",10,5440,
"",11,5441,
"",12,5442,
"",13,5443,
"",15,5445,
"",16,5446,
"",18,5448,
"",19,5449,
"",21,5451,
"",22,5452,
"",23,5453,
"",24,5454,
"",26,5456,
"",27,5457,
"",28,5458,
"",29,5459,
"",31,5461,
"",32,5462,
"",34,5464,
"",35,5465,
"",37,5467,
"",38,5468,
"",39,5469,
"",40,5470,
"",42,5472,
"",43,5473,
"",44,5474,
"",45,5475,
"",47,5477,
"",48,5478,
"",50,5480,
"",51,5481,
"",53,5483,
"",54,5484,
"",55,5485,
"",56,5486,
"",58,5488,
"",59,5489,
"",60,5490,
"",61,5491,
"",63,5493,
"",64,5494,
"",66,5496,
"",67,5497,
"",69,5499,
"",70,5500,
"",71,5501,
"",72,5502,
"",74,5504,
"",75,5505,
"",76,5506,
"",77,5507,
"",79,5509,
"",80,5510,
"",82,5512,
"",83,5513,
"",85,5515,
"",86,5516,
"",87,5517,
"",88,5518,
"",90,5520,
"",91,5521,
"",92,5522,
"",93,5523,
"",95,5525,
"",96,5526,
"",98,5528,
"",99,5529,
"",101,5531,
"",102,5532,
"",103,5533,
"",104,5534,
"",106,5536,
"",107,5537,
"",108,5538,
"",109,5539,
"",111,5541,
"",112,5542,
"",114,5544,
"",115,5545,
"",117,5547,
"",118,5548,
"",119,5549,
"",120,5550,
"",121,5551,
"",123,5553,
"",124,5554,
"",125,5555,
"",126,5556,
"",128,5558,
"",129,5559,
"",131,5561,
"",132,5562,
"",134,5564,
"",135,5565,
"",136,5566,
"",137,5567,
"",139,5569,
"",140,5570,
"",141,5571,
"",142,5572,
"",143,5573,
"",145,5575,
"",146,5576,
"",148,5578,
"",149,5579,
"",151,5581,
"",153,5582,
"",154,5583,
"",156,5584,
"",159,5586,
"",161,5587,
"",162,5588,
"",164,5589,
"",167,5591,
"",169,5592,
"",170,5593,
"",174,5595,
"",175,5596,
"",178,5598,
"",180,5599,
"",182,5600,
"",183,5601,
"",186,5603,
"",188,5604,
"",190,5605,
"",191,5606,
"",195,5608,
"",196,5609,
"",198,5610,
"",201,5612,
"",203,5613,
"",206,5615,
"",207,5616,
"",209,5617,
"",211,5618,
"",214,5620,
"",215,5621,
"",217,5622,
"",219,5623,
"",222,5625,
"",223,5626,
"",225,5627,
"",228,5629,
"",231,5631,
"",233,5632,
"",235,5633,
"",236,5634,
"",238,5635,
"",241,5637,
"",243,5638,
"",244,5639,
"",246,5640,
"",249,5642,
"",251,5643,
"",252,5644,
"",255,5646,
"",259,5648,
"",260,5649,
"",262,5650,
"",263,5651,
"",267,5653,
"",268,5654,
"",270,5655,
"",271,5656,
"",273,5657,
"",276,5659,
"",278,5660,
"",281,5662,
"",283,5663,
"",286,5665,
"",287,5666,
"",289,5667,
"",291,5668,
"",294,5670,
"",295,5671,
"",297,5672,
"",299,5673,
"",302,5675,
"",303,5676,
"",305,5677,
"",308,5679,
"",311,5681,
"",313,5682,
"",314,5683,
"",316,5684,
"",318,5685,
"",321,5687,
"",322,5688,
"",324,5689,
"",326,5690,
"",329,5692,
"",330,5693,
"",332,5694,
"",335,5696,
"",338,5698,
"",340,5699,
"",342,5700,
"",343,5701,
"",345,5702,
"",347,5704,
"",348,5705,
"",349,5706,
"",350,5707,
"",351,5708,
"",352,5709,
"",354,5711,
"",355,5712,
"",356,5713,
"",357,5714,
"",359,5716,
"",360,5717,
"",363,5720,
"",364,5721,
"",366,5704,
"",367,5705,
"",368,5706,
"",370,5708,
"",371,5709,
"",372,5710,
"",373,5711,
"",376,5714,
"",377,5715,
"",379,5717,
"",380,5718,
"",382,5720,
"",383,5721,
"",384,5722,
"",385,5723,
"",387,5725,
"",388,5726,
"",389,5727,
"",390,5728,
"",391,5729,
"",392,5730,
"",393,5731,
"",395,5733,
"",397,5735,
"",398,5736,
"",399,5737,
"",400,5738,
"",401,5739,
"",402,5740,
"",403,5741,
"",405,5743,
"",406,5744,
"",408,5746,
"",409,5747,
"",410,5748,
"",411,5749,
"",413,5751,
"",414,5752,
"",415,5753,
"",416,5754,
"",418,5756,
"",419,5757,
"",420,5758,
"",422,5760,
"",424,5762,
"",425,5763,
"",426,5764,
"",427,5765,
"",428,5766,
"",430,5768,
"",431,5769,
"",432,5770,
"",433,5771,
"",435,5773,
"",436,5774,
"",437,5775,
"",439,5777,
"",441,5262,
"",442,5263,
"",443,5264,
"",444,5265,
"",446,5267,
"",447,5268,
"",448,5269,
"",449,5270,
"",450,5271,
"",452,5273,
"",453,5274,
"",454,5275,
"",456,5277,
"",458,5279,
"",459,5280,
"",460,5281,
"",461,5282,
"",463,5284,
"",464,5285,
"",465,5286,
"",466,5287,
"",468,5289,
"",469,5290,
"",470,5291,
"",471,5292,
"",473,5294,
"",475,5296,
"",477,5297,
"",478,5298,
"",480,5299,
"",483,5301,
"",485,5302,
"",486,5303,
"",488,5304,
"",491,5306,
"",493,5307,
"",494,5308,
"",496,5309,
"",501,5312,
"",502,5313,
"",504,5314,
"",505,5315,
"",507,5316,
"",510,5318,
"",512,5319,
"",513,5320,
"",515,5321,
"",518,5323,
"",520,5324,
"",521,5325,
"",523,5326,
"",528,5329,
"",529,5330,
"",531,5331,
"",533,5332,
"",536,5334,
"",537,5335,
"",539,5336,
"",541,5337,
"",544,5339,
"",545,5340,
"",547,5341,
"",549,5342,
"",550,5343,
"",555,5346,
"",557,5347,
"",558,5348,
"",560,5349,
"",563,5351,
"",565,5352,
"",566,5353,
"",568,5354,
"",571,5356,
"",573,5357,
"",574,5358,
"",576,5359,
"",581,5362,
"",582,5363,
"",584,5364,
"",585,5365,
"",587,5366,
"",590,5368,
"",592,5369,
"",593,5370,
"",595,5371,
"",598,5373,
"",600,5374,
"",601,5375,
"",603,5376,
"",608,5379,
"",609,5380,
"",611,5381,
"",613,5382,
"",616,5384,
"",617,5385,
"",619,5386,
"",621,5387,
"",622,5388,
"",625,5390,
"",627,5391,
"",629,5392,
"",630,5393,
"",635,5396,
"",637,5397,
"",638,5398,
"",640,5399,
"",643,5401,
"",645,5402,
"",646,5403,
"",648,5404,
"",651,5406,
"",653,5407,
"",654,5408,
"",656,5409,
"",657,5410,
"",662,5413,
"",664,5414,
"",665,5415,
"",667,5416,
"",670,5418,
"",672,5419,
"",673,5420,
"",675,5421,
"",678,5423,
"",680,5424,
"",681,5425,
"",683,5426,
"",686,5428,
"",689,5430,
"",691,6321,
"",693,6322,
"",695,6324,
"",696,6325,
"",697,6326,
"",698,6327,
"",700,6329,
"",701,6330,
"",702,6331,
"",703,6332,
"",705,6334,
"",706,6335,
"",707,6336,
"",709,6338,
"",711,6340,
"",712,6341,
"",713,6342,
"",714,6343,
"",715,6344,
"",717,6346,
"",718,6347,
"",719,6348,
"",720,6349,
"",722,6351,
"",723,6352,
"",724,6353,
"",726,6355,
"",728,6357,
"",729,6358,
"",730,6359,
"",731,6360,
"",733,6362,
"",734,6363,
"",735,6364,
"",736,6365,
"",737,6366,
"",739,6368,
"",740,6369,
"",741,6370,
"",743,6372,
"",745,6374,
"",746,6375,
"",747,6376,
"",748,6377,
"",750,6379,
"",751,6380,
"",752,6381,
"",753,6382,
"",755,6384,
"",756,6385,
"",757,6386,
"",758,6387,
"",760,6389,
"",762,6391,
"",763,6392,
"",764,6393,
"",765,6394,
"",767,6396,
"",768,6397,
"",769,6398,
"",770,6399,
"",772,6401,
"",773,6402,
"",774,6403,
"",775,6404,
"",778,6407,
"",779,6408,
"",780,6409,
"",781,6410,
"",782,6411,
"",784,6413,
"",785,6414,
"",786,6415,
"",787,6416,
"",789,6418,
"",790,6419,
"",791,6420,
"",792,6421,
"",795,6424,
"",796,6425,
"",797,6426,
"",798,6427,
"",800,6429,
"",801,6430,
"",802,6431,
"",803,6432,
"",804,6433,
"",806,6435,
"",807,6436,
"",808,6437,
"",809,6438,
"",812,6441,
"",813,6442,
"",814,6443,
"",815,6444,
"",817,6446,
"",818,6447,
"",819,6448,
"",820,6449,
"",822,6451,
"",823,6452,
"",824,6453,
"",825,6454,
"",826,6455,
"",831,6458,
"",832,6459,
"",834,6460,
"",835,6461,
"",839,6463,
"",840,6464,
"",842,6465,
"",843,6466,
"",847,6468,
"",848,6469,
"",850,6470,
"",851,6471,
"",856,6474,
"",858,6475,
"",859,6476,
"",861,6477,
"",863,6478,
"",866,6480,
"",867,6481,
"",869,6482,
"",871,6483,
"",874,6485,
"",875,6486,
"",877,6487,
"",879,6488,
"",883,6491,
"",885,6492,
"",887,6493,
"",888,6494,
"",891,6496,
"",893,6497,
"",895,6498,
"",896,6499,
"",898,6500,
"",901,6502,
"",903,6503,
"",904,6504,
"",906,6505,
"",911,6508,
"",912,6509,
"",914,6510,
"",915,6511,
"",919,6513,
"",920,6514,
"",922,6515,
"",923,6516,
"",925,6517,
"",928,6519,
"",930,6520,
"",931,6521,
"",933,6522,
"",938,6525,
"",939,6526,
"",941,6527,
"",943,6528,
"",946,6530,
"",947,6531,
"",949,6532,
"",951,6533,
"",954,6535,
"",955,6536,
"",957,6537,
"",959,6538,
"",960,6539,
"",965,6542,
"",967,6543,
"",968,6544,
"",970,6545,
"",973,6547,
"",975,6548,
"",976,6549,
"",978,6550,
"",981,6552,
"",983,6553,
"",984,6554,
"",986,6555,
"",989,6557,
"",992,6559,
"",994,6560,
"",995,6561,
"",997,6562,
"",1000,6564,
"",1002,6565,
"",1003,6566,
"",1005,6567,
"",1008,6569,
"",1010,6570,
"",1011,6571,
"",1013,6572,
"",1016,6574,
"",1019,6576,
"",1021,6577,
"",1023,6578,
"",1026,6580,
"",1027,6581,
"",1029,6582,
"",1031,6583,
"",1032,6584,
"",1035,6586,
"",1037,6587,
"",1039,6588,
"",1040,6589,
"",1041,6590,
"",1043,6592,
"",1044,6593,
"",1045,6594,
"",1047,6596,
"",1049,6598,
"",1050,6599,
"",1051,6600,
"",1052,6601,
"",1054,6603,
"",1055,6604,
"",1056,6605,
"",1057,6606,
"",1059,6608,
"",1060,6609,
"",1061,6610,
"",1062,6611,
"",1064,6613,
"",1066,6615,
"",1067,6616,
"",1068,6617,
"",1069,6618,
"",1071,6620,
"",1072,6621,
"",1073,6622,
"",1074,6623,
"",1076,6625,
"",1077,6626,
"",1078,6627,
"",1079,6628,
"",1082,6631,
"",1083,6632,
"",1084,6633,
"",1085,6634,
"",1086,6635,
"",1088,6637,
"",1089,6638,
"",1090,6639,
"",1091,6640,
"",1093,6642,
"",1094,6643,
"",1095,6644,
"",1096,6645,
"",1099,6648,
"",1100,6649,
"",1101,6650,
"",1102,6651,
"",1104,6653,
"",1105,6654,
"",1106,6655,
"",1107,6656,
"",1108,6657,
"",1110,6659,
"",1111,6660,
"",1112,6661,
"",1113,6662,
"",1116,6665,
"",1117,6666,
"",1118,6667,
"",1119,6668,
"",1121,6670,
"",1122,6671,
"",1123,6672,
"",1124,6673,
"",1126,6675,
"",1127,6676,
"",1128,6677,
"",1129,6678,
"",1130,6679,
"",1133,6682,
"",1134,6683,
"",1135,6684,
"",1136,6685,
"",1138,6687,
"",1139,6688,
"",1140,6689,
"",1141,6690,
"",1143,6692,
"",1144,6693,
"",1145,6694,
"",1146,6695,
"",1149,6698,
"",1150,6699,
"",1151,6700,
"",1152,6701,
"",1153,6702,
"",1155,6704,
"",1156,6705,
"",1157,6706,
"",1158,6707,
"",1160,6709,
"",1161,6710,
"",1162,6711,
"",1163,6712,
"",1166,6715,
"",1167,6716,
"",1168,6717,
"",1169,6718,
"",1170,6719,
"",1172,6721,
"",1173,6722,
"",1174,6723,
"",1175,6724,
"",1178,6726,
"",1180,6727,
"",1181,6728,
"",1183,6729,
"",1188,6732,
"",1189,6733,
"",1191,6734,
"",1193,6735,
"",1196,6737,
"",1197,6738,
"",1199,6739,
"",1200,6740,
"",1202,6741,
"",1205,6743,
"",1207,6744,
"",1208,6745,
"",1210,6746,
"",1215,6749,
"",1216,6750,
"",1218,6751,
"",1220,6752,
"",1223,6754,
"",1224,6755,
"",1226,6756,
"",1228,6757,
"",1231,6759,
"",1232,6760,
"",1234,6761,
"",1236,6762,
"",1237,6763,
"",1242,6766,
"",1244,6767,
"",1245,6768,
"",1247,6769,
"",1250,6771,
"",1252,6772,
"",1253,6773,
"",1255,6774,
"",1258,6776,
"",1260,6777,
"",1261,6778,
"",1263,6779,
"",1266,6781,
"",1269,6783,
"",1271,6784,
"",1272,6785,
"",1274,6786,
"",1277,6788,
"",1279,6789,
"",1280,6790,
"",1282,6791,
"",1285,6793,
"",1287,6794,
"",1288,6795,
"",1290,6796,
"",1293,6798,
"",1296,6800,
"",1298,6801,
"",1300,6802,
"",1301,6803,
"",1304,6805,
"",1306,6806,
"",1308,6807,
"",1309,6808,
"",1312,6810,
"",1314,6811,
"",1316,6812,
"",1317,6813,
"",1320,6815,
"",1324,6817,
"",1325,6818,
"",1327,6819,
"",1330,6821,
"",1332,6822,
"",1333,6823,
"",1335,6824,
"",1336,6825,
"",1340,6827,
"",1341,6828,
"",1343,6829,
"",1344,6830,
"",1348,6832,
"",1351,6834,
"",1352,6835,
"",1354,6836,
"",1357,6838,
"",1359,6839,
"",1360,6840,
"",1362,6841,
"",1365,6843,
"",1367,6844,
"",1368,6845,
"",1370,6846,
"",1372,6847,
"",1375,6849,
"",1378,6851,
"",1380,6852,
"",1381,6853,
"",1384,6855,
"",1387,6858,
"",1388,6859,
"",1389,6860,
"",1390,6861,
"",1391,6862,
"",1393,6864,
"",1394,6865,
"",1395,6866,
"",1396,6867,
"",1398,6869,
"",1399,6870,
"",1400,6871,
"",1401,6872,
"",1404,6875,
"",1405,6876,
"",1406,6877,
"",1407,6878,
"",1409,6880,
"",1410,6881,
"",1411,6882,
"",1412,6883,
"",1413,6884,
"",1415,6886,
"",1416,6887,
"",1417,6888,
"",1418,6889,
"",1421,6892,
"",1422,6893,
"",1423,6894,
"",1424,6895,
"",1426,6897,
"",1427,6898,
"",1428,6899,
"",1429,6900,
"",1430,6901,
"",1432,6903,
"",1433,6904,
"",1434,6905,
"",1435,6906,
"",1438,6909,
"",1439,6910,
"",1440,6911,
"",1441,6912,
"",1443,6914,
"",1444,6915,
"",1445,6916,
"",1446,6917,
"",1448,6919,
"",1449,6920,
"",1450,6921,
"",1451,6922,
"",1453,6924,
"",1455,6926,
"",1456,6927,
"",1457,6928,
"",1458,6929,
"",1460,6931,
"",1461,6932,
"",1462,6933,
"",1463,6934,
"",1465,6936,
"",1466,6937,
"",1467,6938,
"",1468,6939,
"",1470,6941,
"",1472,6943,
"",1473,6944,
"",1474,6945,
"",1476,6947,
"",1477,6948,
"",1478,6949,
"",1479,6950,
"",1480,6951,
"",1482,6953,
"",1483,6954,
"",1484,6955,
"",1485,6956,
"",1487,6958,
"",1489,6960,
"",1490,6961,
"",1491,6962,
"",1493,6964,
"",1494,6965,
"",1495,6966,
"",1496,6967,
"",1498,6969,
"",1499,6970,
"",1500,6971,
"",1501,6972,
"",1502,6973,
"",1504,6975,
"",1506,6977,
"",1507,6978,
"",1508,6979,
"",1510,6981,
"",1511,6982,
"",1512,6983,
"",1513,6984,
"",1515,6986,
"",1516,6987,
"",1517,6988,
"",1518,6989,
"",1521,6991,
"",1523,6992,
"",1526,6994,
"",1528,6995,
"",1529,6996,
"",1533,6998,
"",1534,6999,
"",1536,7000,
"",1537,7001,
"",1541,7003,
"",1542,7004,
"",1544,7005,
"",1545,7006,
"",1549,7008,
"",1550,7009,
"",1553,7011,
"",1555,7012,
"",1557,7013,
"",1560,7015,
"",1561,7016,
"",1563,7017,
"",1565,7018,
"",1568,7020,
"",1569,7021,
"",1571,7022,
"",1573,7023,
"",1576,7025,
"",1577,7026,
"",1581,7028,
"",1582,7029,
"",1585,7031,
"",1587,7032,
"",1589,7033,
"",1590,7034,
"",1592,7035,
"",1595,7037,
"",1597,7038,
"",1598,7039,
"",1600,7040,
"",1603,7042,
"",1605,7043,
"",1608,7045,
"",1609,7046,
"",1613,7048,
"",1614,7049,
"",1616,7050,
"",1617,7051,
"",1621,7053,
"",1622,7054,
"",1624,7055,
"",1625,7056,
"",1627,7057,
"",1630,7059,
"",1632,7060,
"",1635,7062,
"",1637,7063,
"",1640,7065,
"",1641,7066,
"",1643,7067,
"",1645,7068,
"",1648,7070,
"",1649,7071,
"",1651,7072,
"",1653,7073,
"",1656,7075,
"",1657,7076,
"",1659,7077,
"",1662,7079,
"",1664,7080,
"",1667,7082,
"",1669,7083,
"",1670,7084,
"",1672,7085,
"",1675,7087,
"",1677,7088,
"",1678,7089,
"",1680,7090,
"",1683,7092,
"",1685,7093,
"",1686,7094,
"",1689,7096,
"",1693,7098,
"",1694,7099,
"",1696,7100,
"",1697,7101,
"",1699,7102,
"",1702,7104,
"",1704,7105,
"",1705,7106,
"",1707,7107,
"",1710,7109,
"",1712,7110,
"",1713,7111,
"",1716,7113,
"",1720,7115,
"",1721,7116,
"",1723,7117,
"",1724,7118,
"",1728,7120,
"",1729,7121,
"",583,7122,
"",586,7123,
"",588,7124,
"",591,7125,
"",594,7126,
"",596,7127,
"",599,7128,
"",602,7129,
"",604,7130,
"",607,7131,
"",610,7132,
"",612,7133,
"",615,7134,
"",618,7135,
"",620,7136,
"",623,7137,
"",626,7138,
"",628,7139,
"",631,7140,
"",634,7141,
"",636,7142,
"",639,7143,
"",642,7144,
"",644,7145,
"",647,7146,
"",650,7147,
"",652,7148,
"",655,7149,
"",658,7150,
"",660,7151,
"",663,7152,
"",666,7153,
"",668,7154,
"",671,7155,
"",674,7156,
"",676,7157,
"",679,7158,
"",682,7159,
"",684,7160,
"",687,7161,
"",690,7162,
"",692,7163,
"",828,7164,
"",830,7165,
"",833,7166,
"",836,7167,
"",838,7168,
"",841,7169,
"",844,7170,
"",846,7171,
"",849,7172,
"",852,7173,
"",854,7174,
"",857,7175,
"",860,7176,
"",862,7177,
"",865,7178,
"",868,7179,
"",870,7180,
"",873,7181,
"",876,7182,
"",878,7183,
"",881,7184,
"",884,7185,
"",886,7186,
"",889,7187,
"",892,7188,
"",894,7189,
"",897,7190,
"",900,7191,
"",902,7192,
"",905,7193,
"",908,7194,
"",910,7195,
"",913,7196,
"",916,7197,
"",918,7198,
"",921,7199,
"",924,7200,
"",926,7201,
"",929,7202,
"",932,7203,
"",934,7204,
"",937,7205,
"",940,7206,
"",942,7207,
"",945,7208,
"",948,7209,
"",950,7210,
"",953,7211,
"",956,7212,
"",958,7213,
"",961,7214,
"",964,7215,
"",966,7216,
"",969,7217,
"",972,7218,
"",974,7219,
"",977,7220,
"",980,7221,
"",982,7222,
"",985,7223,
"",988,7224,
"",990,7225,
"",993,7226,
"",996,7227,
"",998,7228,
"",1001,7229,
"",1004,7230,
"",1006,7231,
"",1009,7232,
"",1012,7233,
"",1014,7234,
"",1017,7235,
"",1020,7236,
"",1022,7237,
"",1025,7238,
"",1028,7239,
"",1030,7240,
"",1033,7241,
"",1036,7242,
"",1038,7243,
"",1176,7244,
"",1179,7245,
"",1182,7246,
"",1184,7247,
"",1187,7248,
"",1190,7249,
"",1666,7250,
"",1668,7251,
"",1671,7252,
"",1674,7253,
"",1676,7254,
"",1679,7255,
"",1682,7256,
"",1684,7257,
"",1687,7258,
"",1690,7259,
"",1692,7260,
"",1695,7261,
"",1698,7262,
"",1701,7263,
"",1703,7264,
"",1706,7265,
"",1709,7266,
"",1711,7267,
"",1714,7268,
"",1717,7269,
"",1719,7270,
"",1722,7271,
"",1725,7272,
"",1727,7273,
"",1865,7274,
"",1868,7275,
"",1870,7276,
"",1873,7277,
"",1876,7278,
"",1878,7279,
"",1881,7280,
"",1884,7281,
"",1886,7282,
"",1889,7283,
"",1892,7284,
"",1894,7285,
"",1897,7286,
"",1900,7287,
"",1902,7288,
"",1905,7289,
"",1908,7290,
"",1910,7291,
"",1913,7292,
"",1916,7293,
"",1918,7294,
"",1921,7295,
"",1924,7296,
"",1926,7297,
"",1929,7298,
"",1932,7299,
"",1934,7300,
"",1937,7301,
"",1940,7302,
"",1942,7303,
"",1945,7304,
"",1948,7305,
"",1950,7306,
"",1953,7307,
"",1956,7308,
"",1958,7309,
"",1961,7310,
"",1964,7311,
"",1966,7312,
"",1969,7313,
"",1972,7314,
"",1974,7315,
"",1977,7316,
"",1980,7317,
"",1982,7318,
"",1985,7319,
"",1988,7320,
"",1990,7321,
"",1993,7322,
"",1996,7323,
"",1998,7324,
"",2001,7325,
"",2004,7326,
"",2007,7327,
"",2009,7328,
"",2012,7329,
"",2015,7330,
"",2017,7331,
"",2020,7332,
"",2023,7333,
"",2025,7334,
"",2028,7335,
"",2031,7336,
"",2033,7337,
"",2036,7338,
"",2039,7339,
"",2041,7340,
"",2044,7341,
"",2047,7342,
"",2049,7343,
"",2052,7344,
"",2055,7345,
"",2057,7346,
"",2060,7347,
"",2063,7348,
"",2065,7349,
"",2068,7350,
"",2071,7351,
"",2073,7352,
"",1,5431,
"",17,5447,
"",33,5463,
"",49,5479,
"",65,5495,
"",81,5511,
"",97,5527,
"",113,5543,
"",130,5560,
"",147,5577,
"",172,5594,
"",199,5611,
"",227,5628,
"",254,5645,
"",279,5661,
"",306,5678,
"",334,5695,
"",362,5719,
"",375,5713,
"",404,5742,
"",421,5759,
"",438,5776,
"",455,5276,
"",472,5293,
"",497,5310,
"",525,5327,
"",552,5344,
"",579,5361,
"",606,5378,
"",633,5395,
"",661,5412,
"",688,5429,
"",708,6337,
"",725,6354,
"",742,6371,
"",759,6388,
"",776,6405,
"",793,6422,
"",810,6439,
"",827,6456,
"",855,6473,
"",882,6490,
"",909,6507,
"",936,6524,
"",963,6541,
"",991,6558,
"",1018,6575,
"",1046,6595,
"",1063,6612,
"",1080,6629,
"",1097,6646,
"",1114,6663,
"",1131,6680,
"",1148,6697,
"",1165,6714,
"",1186,6731,
"",1213,6748,
"",1240,6765,
"",1268,6782,
"",1295,6799,
"",1322,6816,
"",1349,6833,
"",1376,6850,
"",1386,6857,
"",1403,6874,
"",1420,6891,
"",1437,6908,
"",1454,6925,
"",1471,6942,
"",1488,6959,
"",1505,6976,
"",1525,6993,
"",1552,7010,
"",1579,7027,
"",1606,7044,
"",1633,7061,
"",1661,7078,
"",1688,7095,
"",1715,7112,
"",1732,5930,
"",1749,5947,
"",1766,5964,
"",1783,5981,
"",1800,5998,
"",1816,6014,
"",1833,6031,
"",1850,6048,
"",1869,6065,
"",1896,6082,
"",1923,6099,
"",1951,6116,
"",1978,6133,
"",2005,6150,
"",2032,6167,
"",2059,6184,
"",361,5718,
"",378,5716,
"",394,5732,
"",4,5434,
"",9,5439,
"",14,5444,
"",20,5450,
"",25,5455,
"",30,5460,
"",36,5466,
"",41,5471,
"",46,5476,
"",52,5482,
"",57,5487,
"",62,5492,
"",68,5498,
"",73,5503,
"",78,5508,
"",84,5514,
"",89,5519,
"",94,5524,
"",100,5530,
"",105,5535,
"",110,5540,
"",116,5546,
"",122,5552,
"",127,5557,
"",133,5563,
"",138,5568,
"",144,5574,
"",150,5580,
"",158,5585,
"",166,5590,
"",177,5597,
"",185,5602,
"",193,5607,
"",204,5614,
"",212,5619,
"",220,5624,
"",230,5630,
"",239,5636,
"",247,5641,
"",257,5647,
"",265,5652,
"",275,5658,
"",284,5664,
"",292,5669,
"",300,5674,
"",310,5680,
"",319,5686,
"",327,5691,
"",1159,6708,
"",1164,6713,
"",1171,6720,
"",1177,6725,
"",1185,6730,
"",1194,6736,
"",1204,6742,
"",1212,6747,
"",1221,6753,
"",1229,6758,
"",1239,6764,
"",1248,6770,
"",1256,6775,
"",1264,6780,
"",1276,6787,
"",1284,6792,
"",1292,6797,
"",1303,6804,
"",1311,6809,
"",1319,6814,
"",1328,6820,
"",1338,6826,
"",1346,6831,
"",1356,6837,
"",1364,6842,
"",1373,6848,
"",1383,6854,
"",1385,6856,
"",1392,6863,
"",1397,6868,
"",1402,6873,
"",1408,6879,
"",1414,6885,
"",1419,6890,
"",1425,6896,
"",1431,6902,
"",1436,6907,
"",1442,6913,
"",1447,6918,
"",1452,6923,
"",1459,6930,
"",1464,6935,
"",1469,6940,
"",1475,6946,
"",1481,6952,
"",1486,6957,
"",1492,6963,
"",1497,6968,
"",1503,6974,
"",1509,6980,
"",1514,6985,
"",1520,6990,
"",1531,6997,
"",1539,7002,
"",1547,7007,
"",1558,7014,
"",1566,7019,
"",1574,7024,
"",1584,7030,
"",1593,7036,
"",1601,7041,
"",1611,7047,
"",1619,7052,
"",1629,7058,
"",1638,7064,
"",1646,7069,
"",1654,7074,
"",1665,7081,
"",1673,7086,
"",1681,7091,
"",1691,7097,
"",1700,7103,
"",1708,7108,
"",1718,7114,
"",1726,7119,
"",1731,5929,
"",1737,5935,
"",1743,5941,
"",1748,5946,
"",1754,5952,
"",1759,5957,
"",1765,5963,
"",1771,5969,
"",1776,5974,
"",1781,5979,
"",1788,5986,
"",1793,5991,
"",1798,5996,
"",1805,6003,
"",1810,6008,
"",1815,6013,
"",1821,6019,
"",1827,6025,
"",1832,6030,
"",1838,6036,
"",1843,6041,
"",1849,6047,
"",1855,6053,
"",1860,6058,
"",1866,6063,
"",1875,6069,
"",1883,6074,
"",1893,6080,
"",1903,6086,
"",1911,6091,
"",1919,6096,
"",1930,6103,
"",1938,6108,
"",1946,6113,
"",1957,6120,
"",1965,6125,
"",1973,6130,
"",1983,6136,
"",1992,6142,
"",2000,6147,
"",2010,6153,
"",337,5697,
"",346,5703,
"",353,5710,
"",358,5715,
"",365,5722,
"",369,5707,
"",374,5712,
"",381,5719,
"",386,5724,
"",396,5734,
"",407,5745,
"",412,5750,
"",417,5755,
"",423,5761,
"",429,5767,
"",434,5772,
"",440,5778,
"",445,5266,
"",451,5272,
"",457,5278,
"",462,5283,
"",467,5288,
"",474,5295,
"",481,5300,
"",489,5305,
"",499,5311,
"",509,5317,
"",517,5322,
"",526,5328,
"",534,5333,
"",542,5338,
"",553,5345,
"",561,5350,
"",569,5355,
"",577,5360,
"",589,5367,
"",597,5372,
"",605,5377,
"",614,5383,
"",624,5389,
"",632,5394,
"",641,5400,
"",649,5405,
"",659,5411,
"",669,5417,
"",677,5422,
"",685,5427,
"",694,6323,
"",699,6328,
"",704,6333,
"",710,6339,
"",716,6345,
"",721,6350,
"",727,6356,
"",732,6361,
"",738,6367,
"",744,6373,
"",749,6378,
"",754,6383,
"",761,6390,
"",766,6395,
"",771,6400,
"",777,6406,
"",783,6412,
"",788,6417,
"",794,6423,
"",799,6428,
"",805,6434,
"",811,6440,
"",816,6445,
"",821,6450,
"",829,6457,
"",837,6462,
"",845,6467,
"",853,6472,
"",864,6479,
"",872,6484,
"",880,6489,
"",890,6495,
"",899,6501,
"",907,6506,
"",917,6512,
"",927,6518,
"",935,6523,
"",944,6529,
"",952,6534,
"",962,6540,
"",971,6546,
"",979,6551,
"",987,6556,
"",999,6563,
"",1007,6568,
"",1015,6573,
"",1024,6579,
"",1034,6585,
"",1042,6591,
"",1048,6597,
"",1053,6602,
"",1058,6607,
"",1065,6614,
"",1070,6619,
"",1075,6624,
"",1081,6630,
"",1087,6636,
"",1092,6641,
"",1098,6647,
"",1103,6652,
"",1109,6658,
"",1115,6664,
"",1120,6669,
"",1125,6674,
"",1132,6681,
"",1137,6686,
"",1142,6691,
"",1147,6696,
"",1154,6703,
"",1192,7353,
"",1195,7354,
"",1198,7355,
"",1201,7356,
"",1203,7357,
"",1206,7358,
"",1209,7359,
"",1211,7360,
"",1214,7361,
"",1217,7362,
"",1219,7363,
"",1222,7364,
"",1225,7365,
"",1227,7366,
"",1230,7367,
"",1233,7368,
"",1235,7369,
"",1238,7370,
"",1241,7371,
"",1243,7372,
"",1246,7373,
"",1249,7374,
"",1251,7375,
"",1254,7376,
"",1257,7377,
"",1259,7378,
"",1262,7379,
"",1265,7380,
"",1267,7381,
"",1270,7382,
"",1273,7383,
"",1275,7384,
"",1278,7385,
"",1281,7386,
"",1283,7387,
"",1286,7388,
"",1289,7389,
"",1291,7390,
"",1294,7391,
"",1297,7392,
"",1299,7393,
"",1302,7394,
"",1305,7395,
"",1307,7396,
"",1310,7397,
"",1313,7398,
"",1315,7399,
"",1318,7400,
"",1321,7401,
"",1323,7402,
"",1326,7403,
"",1329,7404,
"",1331,7405,
"",1334,7406,
"",1337,7407,
"",1339,7408,
"",1342,7409,
"",1345,5858,
"",1347,5859,
"",1350,5860,
"",1353,5861,
"",1355,5862,
"",1358,5863,
"",1361,5864,
"",1363,5865,
"",1366,5866,
"",1369,5867,
"",1371,5868,
"",1374,5869,
"",1377,5870,
"",1379,5871,
"",1382,5872,
"",1519,5873,
"",1522,5874,
"",1524,5875,
"",1527,5876,
"",1530,5877,
"",1532,5878,
"",1535,5879,
"",1538,5880,
"",1540,5881,
"",1543,5882,
"",1546,5883,
"",1548,5884,
"",1551,5885,
"",1554,5886,
"",1556,5887,
"",1559,5888,
"",1562,5889,
"",1564,5890,
"",1567,5891,
"",1570,5892,
"",1572,5893,
"",1575,5894,
"",1578,5895,
"",1580,5896,
"",1583,5897,
"",1586,5898,
"",1588,5899,
"",1591,5900,
"",1594,5901,
"",1596,5902,
"",1599,5903,
"",1602,5904,
"",1604,5905,
"",1607,5906,
"",1610,5907,
"",1612,5908,
"",1615,5909,
"",1618,5910,
"",1620,5911,
"",1623,5912,
"",1626,5913,
"",1628,5914,
"",1631,5915,
"",1634,5916,
"",1636,5917,
"",1639,5918,
"",1642,5919,
"",1644,5920,
"",1647,5921,
"",1650,5922,
"",1652,5923,
"",1655,5924,
"",1658,5925,
"",1660,5926,
"",1663,5927,
"",1730,5928,
"",1733,5931,
"",1734,5932,
"",1735,5933,
"",1736,5934,
"",1738,5936,
"",1739,5937,
"",1740,5938,
"",1741,5939,
"",1742,5940,
"",1744,5942,
"",1745,5943,
"",1746,5944,
"",1747,5945,
"",1750,5948,
"",1751,5949,
"",1752,5950,
"",1753,5951,
"",1755,5953,
"",1756,5954,
"",1757,5955,
"",1758,5956,
"",1760,5958,
"",1761,5959,
"",1762,5960,
"",1763,5961,
"",1764,5962,
"",1767,5965,
"",1768,5966,
"",1769,5967,
"",1770,5968,
"",1772,5970,
"",1773,5971,
"",1774,5972,
"",1775,5973,
"",1777,5975,
"",1778,5976,
"",1779,5977,
"",1780,5978,
"",1782,5980,
"",1784,5982,
"",1785,5983,
"",1786,5984,
"",1787,5985,
"",1789,5987,
"",1790,5988,
"",1791,5989,
"",1792,5990,
"",1794,5992,
"",1795,5993,
"",1796,5994,
"",1797,5995,
"",1799,5997,
"",1801,5999,
"",1802,6000,
"",1803,6001,
"",1804,6002,
"",1806,6004,
"",1807,6005,
"",1808,6006,
"",1809,6007,
"",1811,6009,
"",1812,6010,
"",1813,6011,
"",1814,6012,
"",1817,6015,
"",1818,6016,
"",1819,6017,
"",1820,6018,
"",1822,6020,
"",1823,6021,
"",1824,6022,
"",1825,6023,
"",1826,6024,
"",1828,6026,
"",1829,6027,
"",1830,6028,
"",1831,6029,
"",1834,6032,
"",1835,6033,
"",1836,6034,
"",1837,6035,
"",1839,6037,
"",1840,6038,
"",1841,6039,
"",1842,6040,
"",1844,6042,
"",1845,6043,
"",1846,6044,
"",1847,6045,
"",1848,6046,
"",1851,6049,
"",1852,6050,
"",1853,6051,
"",1854,6052,
"",1856,6054,
"",1857,6055,
"",1858,6056,
"",1859,6057,
"",1861,6059,
"",1862,6060,
"",1863,6061,
"",1864,6062,
"",1867,6064,
"",1871,6066,
"",1872,6067,
"",1874,6068,
"",1877,6070,
"",1879,6071,
"",1880,6072,
"",1882,6073,
"",1885,6075,
"",1887,6076,
"",1888,6077,
"",1890,6078,
"",1891,6079,
"",1895,6081,
"",1898,6083,
"",1899,6084,
"",1901,6085,
"",1904,6087,
"",1906,6088,
"",1907,6089,
"",1909,6090,
"",1912,6092,
"",1914,6093,
"",1915,6094,
"",1917,6095,
"",1920,6097,
"",1922,6098,
"",1925,6100,
"",1927,6101,
"",1928,6102,
"",1931,6104,
"",1933,6105,
"",1935,6106,
"",1936,6107,
"",1939,6109,
"",1941,6110,
"",1943,6111,
"",1944,6112,
"",1947,6114,
"",1949,6115,
"",1952,6117,
"",1954,6118,
"",1955,6119,
"",1959,6121,
"",1960,6122,
"",1962,6123,
"",1963,6124,
"",1967,6126,
"",1968,6127,
"",1970,6128,
"",1971,6129,
"",1975,6131,
"",1976,6132,
"",1979,6134,
"",1981,6135,
"",1984,6137,
"",1986,6138,
"",1987,6139,
"",1989,6140,
"",1991,6141,
"",1994,6143,
"",1995,6144,
"",1997,6145,
"",1999,6146,
"",2002,6148,
"",2003,6149,
"",2006,6151,
"",2008,6152,
"",2011,6154,
"",2013,6155,
"",2014,6156,
"",2016,6157,
"",2019,6159,
"",2021,6160,
"",2022,6161,
"",2024,6162,
"",2027,6164,
"",2029,6165,
"",2030,6166,
"",2034,6168,
"",2035,6169,
"",2038,6171,
"",2040,6172,
"",2042,6173,
"",2043,6174,
"",2046,6176,
"",2048,6177,
"",2050,6178,
"",2051,6179,
"",2054,6181,
"",2056,6182,
"",2058,6183,
"",2061,6185,
"",2064,6187,
"",2066,6188,
"",2067,6189,
"",2069,6190,
"",2072,6192,
"",2074,6193,
"",2075,6194,
"",2076,6195,
"",2077,6196,
"",2078,6197,
"",2079,6198,
"",2080,6199,
"",2081,6200,
"",2082,6201,
"",2083,6202,
"",2084,6203,
"",2085,6204,
"",2086,6205,
"",2087,6206,
"",2088,6207,
"PORT01",2089,5709,1
"PORT02",2090,5709,2
"PORT03",2091,5708,3
"PORT04",2092,5718,4
"PORT05",2093,5722,5
"PORT06",2094,5707,6
"PORT06",2095,5710,6
"PORT01",2096,5712,1
"PORT02",2097,5712,2
"PORT04",2098,5721,4
"PORT04",2099,5717,4
"PORT01",2100,5711,1
"PORT02",2101,5711,2
"PORT04",2102,5716,4
"PORT04",2103,5715,4
"PORT04",2104,5719,4
"PORT07",2105,5713,7
"PORT08",2106,5704,8
"PORT09",2107,5714,9
"PORT10",2108,5705,10
"PORT11",2109,5706,11
"PORT04",2110,5720,4
"",152,6208,
"",155,6209,
"",157,6210,
"",160,6211,
"",163,6212,
"",165,6213,
"",168,6214,
"",171,6215,
"",173,6216,
"",176,6217,
"",179,6218,
"",181,6219,
"",184,6220,
"",187,6221,
"",189,6222,
"",192,6223,
"",194,6224,
"",197,6225,
"",200,6226,
"",202,6227,
"",205,6228,
"",208,6229,
"",210,6230,
"",213,6231,
"",216,6232,
"",218,6233,
"",221,6234,
"",224,6235,
"",226,6236,
"",229,6237,
"",232,6238,
"",234,6239,
"",237,6240,
"",240,6241,
"",242,6242,
"",245,6243,
"",248,6244,
"",250,6245,
"",253,6246,
"",256,6247,
"",258,6248,
"",261,6249,
"",264,6250,
"",266,6251,
"",269,6252,
"",272,6253,
"",274,6254,
"",277,6255,
"",280,6256,
"",282,6257,
"",285,6258,
"",288,6259,
"",290,6260,
"",293,6261,
"",296,6262,
"",298,6263,
"",301,6264,
"",304,6265,
"",307,6266,
"",309,6267,
"",312,6268,
"",315,6269,
"",317,6270,
"",320,6271,
"",323,6272,
"",325,6273,
"",328,6274,
"",331,6275,
"",333,6276,
"",336,6277,
"",339,6278,
"",341,6279,
"",344,6280,
"",476,6281,
"",479,6282,
"",482,6283,
"",484,6284,
"",487,6285,
"",490,6286,
"",492,6287,
"",495,6288,
"",498,6289,
"",500,6290,
"",503,6291,
"",506,6292,
"",508,6293,
"",511,6294,
"",514,6295,
"",516,6296,
"",522,6298,
"",524,6299,
"",527,6300,
"",530,6301,
"",532,6302,
"",535,6303,
"",538,6304,
"",540,6305,
"",546,6307,
"",548,6308,
"",551,6309,
"",554,6310,
"",556,6311,
"",559,6312,
"",562,6313,
"",567,6315,
"",570,6316,
"",572,6317,
"",575,6318,
"",578,6319,
"",580,6320,
"",2018,6158,
"",2026,6163,
"",2037,6170,
"",2045,6175,
"",2053,6180,
"",2062,6186,
"",2070,6191,
"",519,6297,
"",543,6306,
"",564,6314,
