"PLANTPRODCUST_ID","PRODUCT_ID","PLANT_LOCATION_ID","CUSTOMER"
3651,1699676,14,"Customer_27"
3652,1699844,14,"Customer_27"
3653,1699135,14,"Customer_27"
3654,1699283,14,"Customer_27"
3655,1699369,14,"Customer_27"
3656,1699268,14,"Customer_27"
3657,1699583,14,"Customer_27"
3658,1699586,14,"Customer_27"
3659,1699562,14,"Customer_27"
3660,1699564,14,"Customer_27"
3661,1699561,14,"Customer_27"
3662,1699380,14,"Customer_27"
3663,1699290,14,"Customer_27"
3664,1699285,14,"Customer_27"
3665,1698913,14,"Customer_27"
3666,1699246,14,"Customer_27"
3667,1699591,14,"Customer_27"
3668,1699239,14,"Customer_27"
3669,1699792,14,"Customer_27"
3670,1699315,14,"Customer_27"
3671,1699318,14,"Customer_27"
3672,1699241,14,"Customer_27"
3673,1698988,14,"Customer_27"
3674,1698977,14,"Customer_27"
3675,1699798,14,"Customer_27"
3676,1699794,14,"Customer_27"
3677,1699836,14,"Customer_27"
3678,1699329,14,"Customer_27"
3679,1699325,14,"Customer_27"
3680,1699249,14,"Customer_27"
3681,1699689,14,"Customer_27"
3682,1699625,14,"Customer_27"
3683,1699416,14,"Customer_27"
3684,1699418,14,"Customer_27"
3685,1699326,14,"Customer_27"
3686,1699419,14,"Customer_27"
3687,1699546,14,"Customer_27"
3688,1699417,14,"Customer_27"
3689,1699553,14,"Customer_27"
3690,1699556,14,"Customer_27"
3691,1699552,14,"Customer_27"
3692,1699524,14,"Customer_27"
3693,1699308,14,"Customer_27"
3694,1699188,14,"Customer_27"
3695,1699682,14,"Customer_27"
3696,1699022,14,"Customer_27"
3697,1699674,14,"Customer_27"
3698,1699675,14,"Customer_27"
3699,1699540,14,"Customer_27"
3700,1699548,14,"Customer_27"
3701,1699834,14,"Customer_27"
3702,1699697,14,"Customer_27"
3703,1699573,14,"Customer_27"
3704,1699539,14,"Customer_27"
3705,1699575,14,"Customer_27"
3706,1699571,14,"Customer_27"
3707,1699574,14,"Customer_27"
3708,1699576,14,"Customer_27"
3709,1699567,14,"Customer_27"
3710,1699691,14,"Customer_27"
3711,1699690,14,"Customer_27"
3712,1699515,14,"Customer_27"
3713,1699842,14,"Customer_27"
3714,1699841,14,"Customer_27"
3715,1699283,14,"Customer_22"
3716,1699361,14,"Customer_22"
3717,1699696,14,"Customer_22"
3718,1699231,14,"Customer_22"
3719,1699694,14,"Customer_22"
3720,1699665,14,"Customer_22"
3721,1698930,14,"Customer_22"
3722,1699792,14,"Customer_22"
3723,1699794,14,"Customer_22"
3724,1699557,14,"Customer_22"
3725,1699670,14,"Customer_22"
3726,1699540,14,"Customer_22"
3727,1699372,14,"Customer_22"
3728,1699539,14,"Customer_22"
3729,1684170,15,"Customer_13"
3730,1692724,27,"Customer_15"
3731,1692722,27,"Customer_21"
3732,1692737,27,"Customer_21"
3733,1692723,27,"Customer_21"
3734,1692656,27,"Customer_21"
3735,1692708,27,"Customer_21"
3736,1692731,27,"Customer_21"
3737,1686435,27,"Customer_21"
3738,1696533,27,"Customer_21"
3739,1691393,27,"Customer_21"
3740,1680246,23,"Customer_42"
3741,1680245,23,"Customer_42"
3742,1666957,23,"Customer_35"
3743,1689457,23,"Customer_35"
3744,1666994,23,"Customer_35"
3745,1661119,23,"Customer_09"
3746,1674635,23,"Customer_09"
3747,1675810,23,"Customer_09"
3748,1682594,23,"Customer_18"
3749,1685329,23,"Customer_18"
3750,1685332,23,"Customer_18"
3751,1621717,23,"Customer_13"
3752,1680249,23,"Customer_33"
3753,1682594,23,"Customer_33"
3754,1671247,23,"Customer_33"
3755,1685952,23,"Customer_33"
3756,1685963,23,"Customer_33"
3757,1677229,23,"Customer_33"
3758,1650400,23,"Customer_33"
3759,1655985,23,"Customer_33"
3760,1685333,23,"Customer_33"
3761,1617826,23,"Customer_33"
3762,1666958,23,"Customer_33"
3763,1689460,23,"Customer_33"
3764,1682594,23,"Customer_28"
3765,1656969,23,"Customer_28"
3766,1671248,23,"Customer_28"
3767,1671246,23,"Customer_28"
3768,1671247,23,"Customer_28"
3769,1685952,23,"Customer_28"
3770,1677229,23,"Customer_28"
3771,1637055,23,"Customer_28"
3772,1650404,23,"Customer_28"
3773,1686657,23,"Customer_28"
3774,1621717,23,"Customer_28"
3775,1655985,23,"Customer_28"
3776,1685329,23,"Customer_28"
3777,1617826,23,"Customer_28"
3778,1666957,23,"Customer_28"
3779,1699265,14,"Customer_42"
3780,1699526,14,"Customer_42"
3781,1699525,14,"Customer_42"
3782,1699700,14,"Customer_42"
3783,1699022,14,"Customer_42"
3784,1699674,14,"Customer_42"
3785,1699345,14,"Customer_42"
3786,1699540,14,"Customer_42"
3787,1699368,14,"Customer_42"
3788,1699372,14,"Customer_42"
3789,1699220,14,"Customer_42"
3790,1699575,14,"Customer_42"
3791,1699537,14,"Customer_42"
3792,1699574,14,"Customer_42"
3793,1699576,14,"Customer_42"
3794,1699567,14,"Customer_42"
3795,1699841,14,"Customer_42"
3796,1699166,14,"Customer_25"
3797,1699591,14,"Customer_25"
3798,1699465,14,"Customer_25"
3799,1699242,14,"Customer_25"
3800,1699799,14,"Customer_25"
3801,1699552,14,"Customer_25"
3802,1693117,14,"Customer_25"
3803,1699172,14,"Customer_25"
3804,1699173,14,"Customer_25"
3805,1699184,14,"Customer_25"
3806,1699353,14,"Customer_25"
3807,1699298,14,"Customer_25"
3808,1699345,14,"Customer_25"
3809,1699368,14,"Customer_25"
3810,1699697,14,"Customer_25"
3811,1698924,14,"Customer_25"
3812,1698997,14,"Customer_25"
3813,1650905,14,"Customer_13"
3814,1620510,14,"Customer_13"
3815,1700382,14,"Customer_13"
3816,1696074,14,"Customer_13"
3817,1696073,14,"Customer_13"
3818,1685214,14,"Customer_13"
3819,1700106,27,"Customer_16"
3820,1697884,27,"Customer_16"
3821,1702653,27,"Customer_16"
3822,1702654,27,"Customer_16"
3823,1699336,27,"Customer_16"
3824,1702652,27,"Customer_16"
3825,1699337,27,"Customer_16"
3826,1697883,27,"Customer_16"
3827,1700035,27,"Customer_16"
3828,1696799,27,"Customer_16"
3829,1697317,27,"Customer_16"
3830,1696798,27,"Customer_16"
3831,1699333,14,"Customer_42"
3832,1699268,14,"Customer_42"
3833,1699584,14,"Customer_42"
3834,1699562,14,"Customer_42"
3835,1699564,14,"Customer_42"
3836,1699561,14,"Customer_42"
3837,1699793,14,"Customer_42"
3838,1700980,14,"Customer_42"
3839,1699792,14,"Customer_42"
3840,1699314,14,"Customer_42"
3841,1699315,14,"Customer_42"
3842,1699312,14,"Customer_42"
3843,1699795,14,"Customer_42"
3844,1699797,14,"Customer_42"
3845,1699371,14,"Customer_42"
3846,1699836,14,"Customer_42"
3847,1699329,14,"Customer_42"
3848,1699327,14,"Customer_42"
3849,1699623,14,"Customer_42"
3850,1699625,14,"Customer_42"
3851,1699248,14,"Customer_42"
3852,1699416,14,"Customer_42"
3853,1699418,14,"Customer_42"
3854,1699419,14,"Customer_42"
3855,1699417,14,"Customer_42"
3856,1699378,14,"Customer_42"
3857,1699553,14,"Customer_42"
3858,1699557,14,"Customer_42"
3859,1699555,14,"Customer_42"
3860,1699311,14,"Customer_42"
3861,1699310,14,"Customer_42"
3862,1666958,23,"Customer_28"
3863,1689457,23,"Customer_28"
3864,1689460,23,"Customer_28"
3865,1666959,23,"Customer_28"
3866,1689461,23,"Customer_28"
3867,1666992,23,"Customer_28"
3868,1666994,23,"Customer_28"
3869,1656944,23,"Customer_21"
3870,1621719,23,"Customer_21"
3871,1617714,23,"Customer_21"
3872,1617826,23,"Customer_21"
3873,1687353,23,"Customer_29"
3874,1687354,23,"Customer_29"
3875,1695862,20,"Customer_36"
3876,1699369,20,"Customer_29"
3877,1699670,20,"Customer_29"
3878,1699540,20,"Customer_29"
3879,1689779,14,"Customer_42"
3880,1689784,14,"Customer_42"
3881,1689782,14,"Customer_42"
3882,1688621,14,"Customer_42"
3883,1688629,14,"Customer_13"
3884,1689551,14,"Customer_13"
3885,1682739,14,"Customer_13"
3886,1682832,14,"Customer_13"
3887,1682835,14,"Customer_13"
3888,1689145,14,"Customer_13"
3889,1696488,14,"Customer_13"
3890,1662317,14,"Customer_13"
3891,1663337,14,"Customer_13"
3892,1696654,14,"Customer_13"
3893,1697072,14,"Customer_13"
3894,1697086,14,"Customer_13"
3895,1682982,14,"Customer_13"
3896,1682983,14,"Customer_13"
3897,1684560,14,"Customer_37"
6488,1696262,19,""
6495,1680697,15,""
6501,1672826,28,""
6509,1685369,28,""
6517,1669083,29,""
6523,1650946,16,""
6531,1661321,16,""
6538,1666750,16,""
6545,1668421,16,""
6552,1675500,16,""
6562,1681954,16,""
6568,1683356,16,""
6573,1683528,16,""
6579,1685599,16,""
6585,1692113,16,""
6591,1696262,16,""
6598,1697086,16,""
6606,1680684,13,""
6612,1682757,13,""
6620,1682802,13,""
6628,1683405,13,""
6634,1683749,13,""
6642,1688589,22,""
3898,1652630,14,"Customer_13"
6649,1689545,22,""
6656,1689780,22,""
6663,1690616,22,""
6671,1692333,20,""
6677,1699670,20,""
6685,1634730,14,""
6693,1642993,14,""
6699,1644308,14,""
6706,1650571,14,""
6714,1651299,14,""
6720,1652080,14,""
6728,1653584,14,""
3899,1668099,14,"Customer_13"
6736,1654623,14,""
6742,1655982,14,""
6750,1657064,14,""
6757,1660153,14,""
6764,1660580,14,""
6771,1660897,14,""
3900,1668127,14,"Customer_13"
3901,1696456,14,"Customer_13"
3902,1700958,14,"Customer_13"
6779,1663337,14,""
6785,1664247,14,""
6793,1666441,14,""
6801,1668097,14,""
6807,1668362,14,""
6815,1668608,14,""
6822,1671426,14,""
6829,1671945,14,""
6836,1672049,14,""
6844,1683739,15,""
6850,1683800,15,""
6858,1684649,15,""
6864,1684752,15,""
3903,1664061,14,"Customer_13"
6872,1685628,15,""
6880,1688092,15,""
6886,1689940,15,""
6894,1697306,15,""
6901,1698108,15,""
6908,1699773,15,""
6915,1699951,15,""
6927,0,19,""
6931,0,23,""
6935,0,27,""
6940,1688877,12,""
6947,1690273,12,""
6954,1692225,12,""
6962,1694560,12,""
6968,1695622,12,""
6976,1697526,12,""
6983,1701324,12,""
6990,1684752,17,""
6997,1681883,21,""
7005,1683407,21,""
7011,1677504,27,""
7019,1688768,27,""
7027,1692737,27,""
7033,1696638,27,""
7041,1700106,27,""
7048,1661119,23,""
7055,1681687,23,""
7062,1687353,23,""
7070,1682793,22,""
7076,1683409,22,""
7084,1684768,22,""
7092,1682341,14,""
7098,1682745,14,""
7105,1682811,14,""
3904,1664051,14,"Customer_13"
7113,1683199,14,""
3905,1695817,14,"Customer_13"
7119,1683409,14,""
7127,1684332,14,""
7135,1685214,14,""
7141,1687661,14,""
7149,1689011,14,""
7156,1689549,14,""
7163,1690092,14,""
7170,1691546,14,""
7178,1699345,14,""
3906,1687661,14,"Customer_13"
3907,1687346,14,"Customer_13"
3908,1669685,14,"Customer_13"
3909,1669409,14,"Customer_13"
3910,1677891,14,"Customer_13"
3911,1651126,14,"Customer_13"
3912,1660563,14,"Customer_13"
3913,1660885,14,"Customer_13"
3914,1657064,14,"Customer_13"
3915,1654497,14,"Customer_13"
3916,1668547,14,"Customer_13"
3917,1668545,14,"Customer_13"
3918,1687491,14,"Customer_13"
3919,1646909,14,"Customer_13"
3920,1663347,14,"Customer_13"
3921,1672085,14,"Customer_13"
3922,1672091,14,"Customer_13"
3923,1672034,14,"Customer_13"
3924,1699954,14,"Customer_13"
3925,1699952,14,"Customer_13"
3926,1699948,14,"Customer_13"
3927,1697067,14,"Customer_13"
3928,1697087,14,"Customer_13"
3929,1697080,14,"Customer_13"
3930,1654623,14,"Customer_13"
3931,1654621,14,"Customer_13"
3932,1677884,14,"Customer_13"
3933,1677889,14,"Customer_13"
3934,1683200,14,"Customer_15"
3935,1683203,14,"Customer_15"
3936,1683199,14,"Customer_15"
7184,1699433,14,""
7192,1699573,14,""
7200,1699694,14,""
7206,1699799,14,""
7214,1700003,14,""
7220,1700298,14,""
7228,1701406,14,""
7235,1672245,24,""
7242,1685248,24,""
7249,1685270,24,""
7257,1669740,29,""
7263,1661317,16,""
7271,1667163,16,""
7279,1675748,16,""
7285,1683286,16,""
6263,1699425,14,""
6310,1699955,14,""
6357,1684005,24,""
6403,1689641,24,""
6450,1694387,24,""
3937,1683199,14,"Customer_24"
3938,1688610,14,"Customer_09"
3939,1689543,14,"Customer_09"
3940,1688294,14,"Customer_09"
3941,1690617,14,"Customer_09"
3942,1689544,14,"Customer_42"
3943,1689780,14,"Customer_42"
3944,1688589,14,"Customer_42"
3945,1688587,14,"Customer_42"
3946,1688575,14,"Customer_42"
3947,1688629,14,"Customer_42"
3948,1688571,14,"Customer_42"
3949,1689785,14,"Customer_42"
3950,1689548,14,"Customer_42"
3951,1689547,14,"Customer_42"
3952,1691548,14,"Customer_42"
3953,1690621,14,"Customer_42"
3954,1672721,14,"Customer_42"
3955,1682853,14,"Customer_42"
3956,1682769,14,"Customer_42"
3957,1682805,14,"Customer_42"
3958,1682760,14,"Customer_42"
3959,1682757,14,"Customer_42"
3960,1682814,14,"Customer_42"
3961,1682802,14,"Customer_42"
3962,1699993,14,"Customer_42"
3963,1699951,14,"Customer_42"
3964,1699952,14,"Customer_42"
3965,1699948,14,"Customer_42"
3966,1699950,14,"Customer_42"
3967,1658528,14,"Customer_25"
3968,1699425,14,"Customer_25"
3969,1675615,14,"Customer_25"
3970,1675655,14,"Customer_25"
3971,1655818,14,"Customer_25"
3972,1700094,14,"Customer_25"
3973,1700097,14,"Customer_25"
3974,1651302,14,"Customer_25"
3975,1688589,14,"Customer_25"
3976,1629341,14,"Customer_25"
3977,1656246,14,"Customer_25"
3978,1672706,14,"Customer_25"
3979,1674120,14,"Customer_25"
3980,1660579,14,"Customer_25"
3981,1687346,14,"Customer_25"
3982,1652538,14,"Customer_25"
3983,1660885,14,"Customer_25"
3984,1668550,14,"Customer_25"
3985,1668545,14,"Customer_25"
3986,1668547,14,"Customer_25"
3987,1683203,14,"Customer_25"
3988,1654621,14,"Customer_25"
3989,1677889,14,"Customer_25"
3990,1666295,14,"Customer_25"
3991,1668347,14,"Customer_25"
3992,1668346,14,"Customer_25"
3993,1668343,14,"Customer_25"
3994,1693618,14,"Customer_25"
3995,1699540,14,"Customer_25"
3996,1692997,14,"Customer_26"
3997,1693019,14,"Customer_26"
3998,1650586,14,"Customer_26"
3999,1675655,14,"Customer_26"
4000,1660673,14,"Customer_26"
4001,1650685,14,"Customer_26"
4002,1651302,14,"Customer_26"
4003,1651299,14,"Customer_26"
4004,1656246,14,"Customer_26"
4005,1689012,14,"Customer_26"
4006,1669702,14,"Customer_26"
4007,1656347,14,"Customer_26"
4008,1644050,14,"Customer_26"
4009,1668128,14,"Customer_26"
4010,1687346,14,"Customer_26"
4011,1677891,14,"Customer_26"
4012,1690092,14,"Customer_26"
4013,1688824,14,"Customer_26"
4014,1660885,14,"Customer_26"
4015,1696954,14,"Customer_26"
4016,1671416,14,"Customer_26"
4017,1668545,14,"Customer_26"
4018,1693104,14,"Customer_26"
4019,1693101,14,"Customer_26"
4020,1683203,14,"Customer_26"
4021,1662238,14,"Customer_26"
4022,1662274,14,"Customer_26"
4023,1663347,14,"Customer_26"
4024,1654622,14,"Customer_26"
4025,1693865,14,"Customer_26"
4026,1677884,14,"Customer_26"
4027,1677889,14,"Customer_26"
4028,1677878,14,"Customer_26"
4029,1692974,14,"Customer_26"
4030,1666954,14,"Customer_26"
4031,1689601,14,"Customer_26"
4032,1689556,14,"Customer_26"
4033,1689554,14,"Customer_26"
4034,1689553,14,"Customer_26"
4035,1693117,14,"Customer_26"
4036,1697872,14,"Customer_24"
4037,1697874,14,"Customer_24"
4038,1683197,14,"Customer_24"
4039,1683200,14,"Customer_24"
4040,1675654,14,"Customer_18"
4041,1675655,14,"Customer_18"
4042,1695346,14,"Customer_18"
4043,1679638,14,"Customer_18"
4044,1668608,14,"Customer_18"
4045,1651302,14,"Customer_18"
4046,1651299,14,"Customer_18"
4047,1689550,14,"Customer_18"
4048,1689549,14,"Customer_18"
4049,1688633,14,"Customer_18"
4050,1689781,14,"Customer_18"
4051,1688587,14,"Customer_18"
4052,1688629,14,"Customer_18"
4053,1689546,14,"Customer_18"
4054,1689551,14,"Customer_18"
4055,1689548,14,"Customer_18"
4056,1689547,14,"Customer_18"
4057,1674853,14,"Customer_18"
4058,1672722,14,"Customer_18"
4059,1689145,14,"Customer_18"
4060,1662552,14,"Customer_18"
4061,1652615,14,"Customer_18"
4062,1687346,14,"Customer_18"
4063,1677891,14,"Customer_18"
4064,1660563,14,"Customer_18"
4065,1660897,14,"Customer_18"
4066,1660885,14,"Customer_18"
4067,1688292,14,"Customer_09"
4068,1689544,14,"Customer_09"
4069,1688288,14,"Customer_09"
4070,1689550,14,"Customer_09"
4071,1688290,14,"Customer_09"
4072,1688285,14,"Customer_09"
4073,1689549,14,"Customer_09"
4074,1688633,14,"Customer_09"
4075,1688589,14,"Customer_09"
4076,1688587,14,"Customer_09"
4077,1688575,14,"Customer_09"
4078,1688629,14,"Customer_09"
4079,1688571,14,"Customer_09"
4080,1688598,14,"Customer_09"
4081,1689546,14,"Customer_09"
4082,1689548,14,"Customer_09"
4083,1689547,14,"Customer_09"
4084,1683635,14,"Customer_09"
4085,1697872,14,"Customer_09"
4086,1697874,14,"Customer_09"
4087,1683424,14,"Customer_09"
4088,1683405,14,"Customer_09"
4089,1683403,14,"Customer_09"
4090,1682859,14,"Customer_09"
4091,1683426,14,"Customer_09"
4092,1682651,14,"Customer_09"
4093,1682772,14,"Customer_09"
4094,1682709,14,"Customer_09"
4095,1683409,14,"Customer_09"
4096,1683419,14,"Customer_09"
4097,1682769,14,"Customer_09"
4098,1683392,14,"Customer_09"
4099,1682736,14,"Customer_09"
4100,1682648,14,"Customer_09"
4101,1682805,14,"Customer_09"
4102,1682757,14,"Customer_09"
4103,1682793,14,"Customer_09"
4104,1682754,14,"Customer_09"
4105,1677891,14,"Customer_09"
4106,1672676,14,"Customer_09"
4107,1677889,14,"Customer_09"
4108,1667817,14,"Customer_18"
4109,1658528,14,"Customer_18"
4110,1699424,14,"Customer_18"
4111,1701406,14,"Customer_18"
4112,1701405,14,"Customer_18"
4113,1678648,14,"Customer_18"
4114,1675615,14,"Customer_18"
4115,1677878,14,"Customer_13"
4116,1615677,14,"Customer_13"
4117,1666507,14,"Customer_13"
4118,1666441,14,"Customer_13"
4119,1666954,14,"Customer_13"
4120,1657475,14,"Customer_13"
4121,1657474,14,"Customer_13"
4122,1684796,14,"Customer_13"
4123,1623991,14,"Customer_13"
4124,1691700,14,"Customer_13"
4125,1660551,14,"Customer_13"
4126,1687521,14,"Customer_13"
4127,1669584,14,"Customer_13"
4128,1684755,14,"Customer_33"
4129,1688610,14,"Customer_33"
4130,1690617,14,"Customer_33"
4131,1689544,14,"Customer_33"
4132,1689549,14,"Customer_33"
4133,1688633,14,"Customer_33"
4134,1688589,14,"Customer_33"
4135,1688587,14,"Customer_33"
4136,1677878,14,"Customer_18"
4137,1666519,14,"Customer_18"
4138,1666507,14,"Customer_18"
4139,1666954,14,"Customer_18"
4140,1689601,14,"Customer_18"
4141,1687644,14,"Customer_18"
4142,1660551,14,"Customer_18"
4143,1667817,14,"Customer_13"
4144,1643057,14,"Customer_13"
4145,1620552,14,"Customer_13"
4146,1658532,14,"Customer_13"
4147,1658528,14,"Customer_13"
4148,1649002,14,"Customer_13"
4149,1649008,14,"Customer_13"
4150,1692402,14,"Customer_13"
4151,1696757,14,"Customer_13"
4152,1696752,14,"Customer_13"
4153,1696758,14,"Customer_13"
4154,1696746,14,"Customer_13"
4155,1696748,14,"Customer_13"
4156,1676563,14,"Customer_13"
4157,1676566,14,"Customer_13"
4158,1675615,14,"Customer_13"
4159,1675654,14,"Customer_13"
4160,1676853,14,"Customer_13"
4161,1680210,14,"Customer_13"
4162,1655818,14,"Customer_13"
4163,1668606,14,"Customer_13"
4164,1668607,14,"Customer_13"
4165,1668612,14,"Customer_13"
4166,1668608,14,"Customer_13"
4167,1700094,14,"Customer_13"
4168,1700097,14,"Customer_13"
4169,1689298,14,"Customer_13"
4170,1655982,14,"Customer_13"
4171,1651302,14,"Customer_13"
4172,1651299,14,"Customer_13"
4173,1651298,14,"Customer_13"
4174,1684170,14,"Customer_13"
4175,1688600,14,"Customer_13"
4176,1689541,14,"Customer_13"
4177,1688633,14,"Customer_13"
4178,1689785,14,"Customer_13"
4179,1689546,14,"Customer_13"
4180,1689548,14,"Customer_13"
4181,1689547,14,"Customer_13"
4182,1656246,14,"Customer_13"
4183,1672706,14,"Customer_13"
4184,1672713,14,"Customer_13"
4185,1672722,14,"Customer_13"
4186,1674853,14,"Customer_13"
4187,1677690,14,"Customer_13"
4188,1682745,14,"Customer_13"
4189,1682805,14,"Customer_13"
4190,1682757,14,"Customer_13"
4191,1682763,14,"Customer_13"
4192,1682802,14,"Customer_13"
4193,1660583,14,"Customer_13"
4194,1660579,14,"Customer_13"
4195,1669702,14,"Customer_13"
4196,1662552,14,"Customer_13"
4197,1692940,14,"Customer_13"
4198,1689032,14,"Customer_13"
4199,1689033,14,"Customer_13"
4200,1689031,14,"Customer_13"
4201,1675654,14,"Customer_28"
4202,1693700,14,"Customer_28"
4203,1696074,14,"Customer_28"
4204,1696073,14,"Customer_28"
4205,1696075,14,"Customer_28"
4206,1695348,14,"Customer_28"
4207,1679638,14,"Customer_28"
4208,1655818,14,"Customer_28"
4209,1700142,14,"Customer_28"
4210,1700140,14,"Customer_28"
4211,1700143,14,"Customer_28"
4212,1654766,14,"Customer_28"
4213,1655982,14,"Customer_28"
4214,1651302,14,"Customer_28"
4215,1651299,14,"Customer_28"
4216,1689543,14,"Customer_28"
4217,1688288,14,"Customer_28"
4218,1688633,14,"Customer_28"
4219,1688575,14,"Customer_28"
4220,1689546,14,"Customer_28"
4221,1689548,14,"Customer_28"
4222,1689547,14,"Customer_28"
4223,1690621,14,"Customer_28"
4224,1690627,14,"Customer_28"
4225,1689788,14,"Customer_28"
4226,1683282,14,"Customer_28"
4227,1678494,14,"Customer_28"
4228,1656246,14,"Customer_28"
4229,1672706,14,"Customer_28"
4230,1672712,14,"Customer_28"
4231,1672707,14,"Customer_28"
4232,1672721,14,"Customer_28"
4233,1672713,14,"Customer_28"
4234,1682651,14,"Customer_28"
4235,1682769,14,"Customer_28"
4236,1682736,14,"Customer_28"
4237,1682832,14,"Customer_28"
4238,1682805,14,"Customer_28"
4239,1689147,14,"Customer_28"
4240,1660583,14,"Customer_28"
4241,1660585,14,"Customer_28"
4242,1660579,14,"Customer_28"
4243,1662552,14,"Customer_28"
4244,1641237,14,"Customer_28"
4245,1687346,14,"Customer_28"
4246,1662395,14,"Customer_15"
4247,1662317,14,"Customer_15"
4248,1662274,14,"Customer_15"
4249,1663347,14,"Customer_15"
4250,1672091,14,"Customer_15"
4251,1672110,14,"Customer_15"
4252,1699951,14,"Customer_15"
4253,1699952,14,"Customer_15"
4254,1699953,14,"Customer_15"
4255,1699946,14,"Customer_15"
4256,1650571,14,"Customer_15"
4257,1654621,14,"Customer_15"
4258,1650568,14,"Customer_15"
4259,1677884,14,"Customer_15"
4260,1688575,14,"Customer_33"
4261,1688629,14,"Customer_33"
4262,1688571,14,"Customer_33"
4263,1689546,14,"Customer_33"
4264,1689548,14,"Customer_33"
4265,1689547,14,"Customer_33"
4266,1691544,14,"Customer_33"
4267,1690616,14,"Customer_33"
4268,1672713,14,"Customer_33"
4269,1672720,14,"Customer_33"
4270,1672721,14,"Customer_33"
4271,1672707,14,"Customer_33"
4272,1682853,14,"Customer_33"
4273,1682709,14,"Customer_33"
4274,1682769,14,"Customer_33"
4275,1682832,14,"Customer_33"
4276,1682805,14,"Customer_33"
4277,1682835,14,"Customer_33"
4278,1682796,14,"Customer_33"
4279,1682793,14,"Customer_33"
4280,1682799,14,"Customer_33"
4281,1672117,14,"Customer_33"
4282,1672000,14,"Customer_33"
4283,1671997,14,"Customer_33"
4284,1682829,14,"Customer_19"
4285,1682826,14,"Customer_19"
4286,1693453,14,"Customer_08"
4287,1696074,14,"Customer_08"
4288,1695346,14,"Customer_08"
4289,1699948,14,"Customer_08"
4290,1699953,14,"Customer_08"
4291,1699946,14,"Customer_08"
4292,1697071,14,"Customer_08"
4293,1697085,14,"Customer_08"
4294,1658532,14,"Customer_01"
4295,1696757,14,"Customer_01"
4296,1696758,14,"Customer_01"
4297,1696754,14,"Customer_01"
4298,1700875,14,"Customer_01"
4299,1684703,14,"Customer_01"
4300,1694720,14,"Customer_01"
4301,1672714,14,"Customer_01"
4302,1682784,14,"Customer_01"
4303,1668545,14,"Customer_01"
4304,1663396,14,"Customer_01"
4305,1672670,14,"Customer_01"
4306,1677877,14,"Customer_01"
4307,1688629,14,"Customer_34"
4308,1689546,14,"Customer_34"
4309,1689551,14,"Customer_34"
4310,1689548,14,"Customer_34"
4311,1689547,14,"Customer_34"
4312,1682835,14,"Customer_34"
4313,1682799,14,"Customer_34"
4314,1699974,14,"Customer_34"
4315,1700570,14,"Customer_10"
4316,1700558,14,"Customer_10"
4317,1682681,14,"Customer_10"
4318,1682679,14,"Customer_10"
4319,1682682,14,"Customer_10"
4320,1679687,14,"Customer_10"
4321,1700557,14,"Customer_10"
4322,1700569,14,"Customer_10"
4323,1682341,14,"Customer_10"
4324,1693740,14,"Customer_10"
4325,1671833,14,"Customer_10"
4326,1671832,14,"Customer_10"
4327,1671834,14,"Customer_10"
4328,1684862,14,"Customer_10"
4329,1671461,14,"Customer_10"
4330,1700366,14,"Customer_02"
4331,1688587,14,"Customer_02"
4332,1689548,14,"Customer_02"
4333,1671426,14,"Customer_11"
4334,1700558,14,"Customer_03"
4335,1667817,14,"Customer_15"
4336,1643057,14,"Customer_15"
4337,1650905,14,"Customer_15"
4338,1650904,14,"Customer_15"
4339,1697444,14,"Customer_15"
4340,1658532,14,"Customer_15"
4341,1658528,14,"Customer_15"
4342,1649002,14,"Customer_15"
4343,1692109,14,"Customer_15"
4344,1696758,14,"Customer_15"
4345,1668639,14,"Customer_15"
4346,1650586,14,"Customer_15"
4347,1676566,14,"Customer_15"
4348,1675670,14,"Customer_15"
4349,1675662,14,"Customer_15"
4350,1675615,14,"Customer_15"
4351,1675655,14,"Customer_15"
4352,1675654,14,"Customer_15"
4353,1696074,14,"Customer_15"
4354,1696075,14,"Customer_15"
4355,1695345,14,"Customer_15"
4356,1695348,14,"Customer_15"
4357,1660673,14,"Customer_15"
4358,1679638,14,"Customer_15"
4359,1676853,14,"Customer_15"
4360,1676942,14,"Customer_15"
4361,1655818,14,"Customer_15"
4362,1668492,14,"Customer_15"
4363,1650685,14,"Customer_15"
4364,1668606,14,"Customer_15"
4365,1668608,14,"Customer_15"
4366,1668607,14,"Customer_15"
4367,1683704,14,"Customer_15"
4368,1655982,14,"Customer_15"
4369,1651302,14,"Customer_15"
4370,1651299,14,"Customer_15"
4371,1651298,14,"Customer_15"
4372,1689541,14,"Customer_15"
4373,1688633,14,"Customer_15"
4374,1690327,14,"Customer_15"
4375,1683354,14,"Customer_15"
4376,1629341,14,"Customer_15"
4377,1656246,14,"Customer_15"
4378,1674853,14,"Customer_15"
4379,1677692,14,"Customer_15"
4380,1673710,14,"Customer_15"
4381,1675746,14,"Customer_15"
4382,1689147,14,"Customer_15"
4383,1689145,14,"Customer_15"
4384,1689012,14,"Customer_15"
4385,1669702,14,"Customer_15"
4386,1662552,14,"Customer_15"
4387,1652644,14,"Customer_15"
4388,1644200,14,"Customer_15"
4389,1653588,14,"Customer_15"
4390,1677891,14,"Customer_15"
4391,1651126,14,"Customer_15"
4392,1655373,14,"Customer_15"
4393,1652080,14,"Customer_15"
4394,1657063,14,"Customer_15"
4395,1660563,14,"Customer_15"
4396,1660885,14,"Customer_15"
4397,1668545,14,"Customer_15"
4398,1668547,14,"Customer_15"
4399,1655723,14,"Customer_14"
4400,1651933,14,"Customer_14"
4401,1652499,14,"Customer_14"
4402,1652611,14,"Customer_14"
4403,1652604,14,"Customer_14"
4404,1660563,14,"Customer_14"
4405,1656839,14,"Customer_14"
4406,1660885,14,"Customer_14"
4407,1660897,14,"Customer_14"
4408,1654498,14,"Customer_14"
4409,1668545,14,"Customer_14"
4410,1668547,14,"Customer_14"
4411,1662238,14,"Customer_14"
4412,1662274,14,"Customer_14"
4413,1663341,14,"Customer_14"
4414,1664346,14,"Customer_14"
4415,1671942,14,"Customer_14"
4416,1699951,14,"Customer_14"
4417,1699952,14,"Customer_14"
4418,1699948,14,"Customer_14"
4419,1699953,14,"Customer_14"
4420,1699946,14,"Customer_14"
4421,1677878,14,"Customer_15"
4422,1622685,14,"Customer_15"
4423,1666396,14,"Customer_15"
4424,1666954,14,"Customer_15"
4425,1660153,14,"Customer_15"
4426,1636782,14,"Customer_15"
4427,1643056,14,"Customer_31"
4428,1650904,14,"Customer_31"
4429,1650905,14,"Customer_31"
4430,1697444,14,"Customer_31"
4431,1683191,14,"Customer_31"
4432,1668496,14,"Customer_31"
4433,1670203,14,"Customer_31"
4434,1700118,14,"Customer_31"
4435,1697230,14,"Customer_31"
4436,1696756,14,"Customer_31"
4437,1696758,14,"Customer_31"
4438,1700121,14,"Customer_31"
4439,1696754,14,"Customer_31"
4440,1696747,14,"Customer_31"
4441,1696746,14,"Customer_31"
4442,1695139,14,"Customer_31"
4443,1676565,14,"Customer_31"
4444,1676853,14,"Customer_31"
4445,1680210,14,"Customer_31"
4446,1694720,14,"Customer_31"
4447,1700094,14,"Customer_31"
4448,1700097,14,"Customer_31"
4449,1651299,14,"Customer_31"
4450,1683634,14,"Customer_31"
4451,1689145,14,"Customer_31"
4452,1689147,14,"Customer_31"
4453,1669702,14,"Customer_31"
4454,1662552,14,"Customer_31"
4455,1687346,14,"Customer_31"
4456,1689469,14,"Customer_31"
4457,1669409,14,"Customer_31"
4458,1668421,14,"Customer_31"
4459,1656839,14,"Customer_31"
4460,1660885,14,"Customer_31"
4461,1657064,14,"Customer_31"
4462,1668550,14,"Customer_31"
4463,1668545,14,"Customer_31"
4464,1668547,14,"Customer_31"
4465,1683197,14,"Customer_31"
4466,1683200,14,"Customer_31"
4467,1683203,14,"Customer_31"
4468,1696488,14,"Customer_31"
4469,1696482,14,"Customer_31"
4470,1672676,14,"Customer_31"
4471,1672661,14,"Customer_31"
4472,1677889,14,"Customer_31"
4473,1677878,14,"Customer_31"
4474,1622685,14,"Customer_31"
4475,1693618,14,"Customer_31"
4476,1670215,14,"Customer_31"
4477,1657475,14,"Customer_31"
4478,1657437,14,"Customer_31"
4479,1623991,14,"Customer_31"
4480,1687689,14,"Customer_31"
4481,1669584,14,"Customer_31"
4482,1667817,14,"Customer_14"
4483,1650904,14,"Customer_14"
4484,1658532,14,"Customer_14"
4485,1649008,14,"Customer_14"
4486,1675615,14,"Customer_14"
4487,1675655,14,"Customer_14"
4488,1675654,14,"Customer_14"
4489,1679638,14,"Customer_14"
4490,1676853,14,"Customer_14"
4491,1680210,14,"Customer_14"
4492,1655818,14,"Customer_14"
4493,1667126,14,"Customer_14"
4494,1668492,14,"Customer_14"
4495,1668608,14,"Customer_14"
4496,1651377,14,"Customer_14"
4497,1655982,14,"Customer_14"
4498,1651302,14,"Customer_14"
4499,1651299,14,"Customer_14"
4500,1674853,14,"Customer_14"
4501,1672713,14,"Customer_14"
4502,1672706,14,"Customer_14"
4503,1672722,14,"Customer_14"
4504,1677692,14,"Customer_14"
4505,1682865,14,"Customer_14"
4506,1682748,14,"Customer_14"
4507,1682751,14,"Customer_14"
4508,1689145,14,"Customer_14"
4509,1662552,14,"Customer_14"
4510,1662551,14,"Customer_14"
4511,1645070,14,"Customer_14"
4512,1644050,14,"Customer_14"
4513,1700657,14,"Customer_14"
4514,1701462,14,"Customer_14"
4515,1664051,14,"Customer_14"
4516,1683560,14,"Customer_14"
4517,1664067,14,"Customer_14"
4518,1664069,14,"Customer_14"
4519,1693230,14,"Customer_14"
4520,1687661,14,"Customer_14"
4521,1687346,14,"Customer_14"
4522,1669409,14,"Customer_14"
4523,1677891,14,"Customer_14"
4524,1677889,14,"Customer_22"
4525,1677878,14,"Customer_22"
4526,1622685,14,"Customer_22"
4527,1670215,14,"Customer_22"
4528,1687644,14,"Customer_22"
4529,1635536,14,"Customer_22"
4530,1697444,14,"Customer_32"
4531,1620510,14,"Customer_32"
4532,1658528,14,"Customer_32"
4533,1684560,14,"Customer_32"
4534,1649002,14,"Customer_32"
4535,1692402,14,"Customer_32"
4536,1690001,14,"Customer_32"
4537,1690006,14,"Customer_32"
4538,1692114,14,"Customer_32"
4539,1690004,14,"Customer_32"
4540,1692115,14,"Customer_32"
4541,1692106,14,"Customer_32"
4542,1692108,14,"Customer_32"
4543,1692113,14,"Customer_32"
4544,1696756,14,"Customer_32"
4545,1678652,14,"Customer_32"
4546,1675615,14,"Customer_32"
4547,1697087,14,"Customer_14"
4548,1697086,14,"Customer_14"
4549,1654622,14,"Customer_14"
4550,1677878,14,"Customer_14"
4551,1677884,14,"Customer_14"
4552,1613321,14,"Customer_14"
4553,1666466,14,"Customer_14"
4554,1666441,14,"Customer_14"
4555,1666295,14,"Customer_14"
4556,1666317,14,"Customer_14"
4557,1666954,14,"Customer_14"
4558,1623991,14,"Customer_14"
4559,1667817,14,"Customer_28"
4560,1658532,14,"Customer_28"
4561,1658528,14,"Customer_28"
4562,1649002,14,"Customer_28"
4563,1690006,14,"Customer_28"
4564,1692109,14,"Customer_28"
4565,1692108,14,"Customer_28"
4566,1700362,14,"Customer_28"
4567,1700139,14,"Customer_28"
4568,1700130,14,"Customer_28"
4569,1700137,14,"Customer_28"
4570,1675615,14,"Customer_28"
4571,1675655,14,"Customer_28"
4572,1699949,14,"Customer_21"
4573,1699955,14,"Customer_21"
4574,1699952,14,"Customer_21"
4575,1699948,14,"Customer_21"
4576,1699953,14,"Customer_21"
4577,1699946,14,"Customer_21"
4578,1698898,14,"Customer_21"
4579,1697083,14,"Customer_21"
4580,1697081,14,"Customer_21"
4581,1697067,14,"Customer_21"
4582,1697087,14,"Customer_21"
4583,1697071,14,"Customer_21"
4584,1697080,14,"Customer_21"
4585,1697072,14,"Customer_21"
4586,1697086,14,"Customer_21"
4587,1697085,14,"Customer_21"
4588,1697084,14,"Customer_21"
4589,1654623,14,"Customer_21"
4590,1677884,14,"Customer_21"
4591,1677878,14,"Customer_21"
4592,1677889,14,"Customer_21"
4593,1615677,14,"Customer_21"
4594,1666507,14,"Customer_21"
4595,1668346,14,"Customer_21"
4596,1668347,14,"Customer_21"
4597,1666954,14,"Customer_21"
4598,1693626,14,"Customer_21"
4599,1693618,14,"Customer_21"
4600,1670215,14,"Customer_21"
4601,1657475,14,"Customer_21"
4602,1686756,14,"Customer_21"
4603,1687644,14,"Customer_21"
4604,1688678,14,"Customer_21"
4605,1623991,14,"Customer_21"
4606,1660551,14,"Customer_21"
4607,1635536,14,"Customer_21"
4608,1693122,14,"Customer_29"
4609,1693001,14,"Customer_29"
4610,1692998,14,"Customer_29"
4611,1693019,14,"Customer_29"
4612,1658528,14,"Customer_29"
4613,1680915,14,"Customer_29"
4614,1675615,14,"Customer_29"
4615,1655818,14,"Customer_29"
4616,1677891,14,"Customer_28"
4617,1660897,14,"Customer_28"
4618,1660885,14,"Customer_28"
4619,1668545,14,"Customer_28"
4620,1668547,14,"Customer_28"
4621,1685213,14,"Customer_28"
4622,1683197,14,"Customer_28"
4623,1683203,14,"Customer_28"
4624,1683199,14,"Customer_28"
4625,1662317,14,"Customer_28"
4626,1662238,14,"Customer_28"
4627,1663341,14,"Customer_28"
4628,1663337,14,"Customer_28"
4629,1672000,14,"Customer_28"
4630,1671942,14,"Customer_28"
4631,1699976,14,"Customer_28"
4632,1699993,14,"Customer_28"
4633,1699951,14,"Customer_28"
4634,1699952,14,"Customer_28"
4635,1696654,14,"Customer_28"
4636,1699948,14,"Customer_28"
4637,1696210,14,"Customer_28"
4638,1699946,14,"Customer_28"
4639,1697083,14,"Customer_28"
4640,1697071,14,"Customer_28"
4641,1697072,14,"Customer_28"
4642,1697080,14,"Customer_28"
4643,1697086,14,"Customer_28"
4644,1697085,14,"Customer_28"
4645,1697084,14,"Customer_28"
4646,1677889,14,"Customer_28"
4647,1677878,14,"Customer_28"
4648,1677887,14,"Customer_28"
4649,1686758,14,"Customer_28"
4650,1687644,14,"Customer_28"
4651,1686215,14,"Customer_28"
4652,1650905,14,"Customer_05"
4653,1676853,14,"Customer_05"
4654,1680210,14,"Customer_05"
4655,1655818,14,"Customer_05"
4656,1694720,14,"Customer_05"
4657,1651377,14,"Customer_05"
4658,1651298,14,"Customer_05"
4659,1689548,14,"Customer_05"
4660,1682832,14,"Customer_05"
4661,1689145,14,"Customer_05"
4662,1662551,14,"Customer_05"
4663,1687346,14,"Customer_05"
4664,1689469,14,"Customer_05"
4665,1668557,14,"Customer_05"
4666,1668555,14,"Customer_05"
4667,1668554,14,"Customer_05"
4668,1699976,14,"Customer_05"
4669,1699954,14,"Customer_05"
4670,1677878,14,"Customer_05"
4671,1670215,14,"Customer_05"
4672,1657475,14,"Customer_05"
4673,1620510,14,"Customer_22"
4674,1658528,14,"Customer_22"
4675,1684559,14,"Customer_22"
4676,1696752,14,"Customer_22"
4677,1700138,14,"Customer_22"
4678,1684709,14,"Customer_22"
4679,1700141,14,"Customer_22"
4680,1668492,14,"Customer_22"
4681,1668612,14,"Customer_22"
4682,1689296,14,"Customer_22"
4683,1672706,14,"Customer_22"
4684,1673710,14,"Customer_22"
4685,1660577,14,"Customer_22"
4686,1662552,14,"Customer_22"
4687,1639636,14,"Customer_22"
4688,1652644,14,"Customer_22"
4689,1644200,14,"Customer_22"
4690,1644062,14,"Customer_22"
4691,1701972,14,"Customer_22"
4692,1693192,14,"Customer_22"
4693,1695062,14,"Customer_22"
4694,1687661,14,"Customer_22"
4695,1687346,14,"Customer_22"
4696,1669409,14,"Customer_22"
4697,1677891,14,"Customer_22"
4698,1668547,14,"Customer_22"
4699,1683197,14,"Customer_22"
4700,1683200,14,"Customer_22"
4701,1683203,14,"Customer_22"
4702,1663341,14,"Customer_22"
4703,1671807,14,"Customer_22"
4704,1700003,14,"Customer_22"
4705,1700014,14,"Customer_22"
4706,1690294,14,"Customer_22"
4707,1677884,14,"Customer_22"
4708,1676592,14,"Customer_36"
4709,1687384,14,"Customer_36"
4710,1686463,14,"Customer_36"
4711,1686215,14,"Customer_36"
4712,1666470,14,"Customer_36"
4713,1666524,14,"Customer_36"
4714,1667927,14,"Customer_36"
4715,1675655,14,"Customer_32"
4716,1693700,14,"Customer_32"
4717,1696074,14,"Customer_32"
4718,1699769,14,"Customer_32"
4719,1695345,14,"Customer_32"
4720,1695348,14,"Customer_32"
4721,1679638,14,"Customer_32"
4722,1676853,14,"Customer_32"
4723,1676942,14,"Customer_32"
4724,1655818,14,"Customer_32"
4725,1655754,14,"Customer_32"
4726,1650685,14,"Customer_32"
4727,1668612,14,"Customer_32"
4728,1668608,14,"Customer_32"
4729,1654766,14,"Customer_32"
4730,1683700,14,"Customer_32"
4731,1700105,14,"Customer_32"
4732,1700094,14,"Customer_32"
4733,1700097,14,"Customer_32"
4734,1655982,14,"Customer_32"
4735,1651298,14,"Customer_32"
4736,1689541,14,"Customer_32"
4737,1689780,14,"Customer_32"
4738,1689781,14,"Customer_32"
4739,1680781,14,"Customer_32"
4740,1656246,14,"Customer_32"
4741,1672706,14,"Customer_32"
4742,1672720,14,"Customer_32"
4743,1672707,14,"Customer_32"
4744,1672721,14,"Customer_32"
4745,1672722,14,"Customer_32"
4746,1677692,14,"Customer_32"
4747,1682739,14,"Customer_32"
4748,1682802,14,"Customer_32"
4749,1689147,14,"Customer_32"
4750,1689145,14,"Customer_32"
4751,1669702,14,"Customer_32"
4752,1662554,14,"Customer_32"
4753,1662552,14,"Customer_32"
4754,1678759,14,"Customer_32"
4755,1642993,14,"Customer_32"
4756,1652615,14,"Customer_32"
4757,1687346,14,"Customer_32"
4758,1669685,14,"Customer_32"
4759,1677891,14,"Customer_32"
4760,1655723,14,"Customer_32"
4761,1652604,14,"Customer_32"
4762,1688824,14,"Customer_32"
4763,1690092,14,"Customer_32"
4764,1660885,14,"Customer_32"
4765,1657064,14,"Customer_32"
4766,1671416,14,"Customer_32"
4767,1668547,14,"Customer_32"
4768,1668545,14,"Customer_32"
4769,1685212,14,"Customer_32"
4770,1683200,14,"Customer_32"
4771,1685211,14,"Customer_32"
4772,1683203,14,"Customer_32"
4773,1696482,14,"Customer_32"
4774,1663347,14,"Customer_32"
4775,1662991,14,"Customer_32"
4776,1671942,14,"Customer_32"
4777,1699954,14,"Customer_32"
4778,1699951,14,"Customer_32"
4779,1699952,14,"Customer_32"
4780,1699948,14,"Customer_32"
4781,1699953,14,"Customer_32"
4782,1699950,14,"Customer_32"
4783,1697081,14,"Customer_32"
4784,1697080,14,"Customer_32"
4785,1697085,14,"Customer_32"
4786,1677889,14,"Customer_32"
4787,1677884,14,"Customer_32"
4788,1677878,14,"Customer_32"
4789,1677877,14,"Customer_32"
4790,1613321,14,"Customer_32"
4791,1622685,14,"Customer_32"
4792,1668345,14,"Customer_32"
4793,1686758,14,"Customer_32"
4794,1687644,14,"Customer_32"
4795,1623991,14,"Customer_32"
4796,1635536,14,"Customer_32"
4797,1636236,14,"Customer_32"
4798,1695862,14,"Customer_36"
4799,1684560,14,"Customer_36"
4800,1700139,14,"Customer_36"
4801,1700128,14,"Customer_36"
4802,1700130,14,"Customer_36"
4803,1702016,14,"Customer_36"
4804,1700138,14,"Customer_36"
4805,1700142,14,"Customer_36"
4806,1700140,14,"Customer_36"
4807,1700143,14,"Customer_36"
4808,1695687,14,"Customer_36"
4809,1691532,14,"Customer_36"
4810,1687774,14,"Customer_36"
4811,1676699,14,"Customer_36"
4812,1685760,14,"Customer_36"
4813,1683197,14,"Customer_21"
4814,1683199,14,"Customer_21"
4815,1685211,14,"Customer_21"
4816,1696488,14,"Customer_21"
4817,1662317,14,"Customer_21"
4818,1663341,14,"Customer_21"
4819,1663347,14,"Customer_21"
4820,1663337,14,"Customer_21"
4821,1662238,14,"Customer_21"
4822,1662274,14,"Customer_21"
4823,1672664,14,"Customer_21"
4824,1672661,14,"Customer_21"
4825,1672085,14,"Customer_21"
4826,1671951,14,"Customer_21"
4827,1671942,14,"Customer_21"
4828,1672006,14,"Customer_21"
4829,1671939,14,"Customer_21"
4830,1691532,14,"Customer_21"
4831,1699954,14,"Customer_21"
4832,1674598,14,"Customer_36"
4833,1666443,14,"Customer_36"
4834,1685028,14,"Customer_36"
4835,1682210,14,"Customer_36"
4836,1683935,14,"Customer_36"
4837,1678000,14,"Customer_36"
4838,1678674,14,"Customer_36"
4839,1694456,14,"Customer_36"
4840,1692333,14,"Customer_36"
4841,1667934,14,"Customer_36"
4842,1667817,14,"Customer_21"
4843,1650905,14,"Customer_21"
4844,1650880,14,"Customer_21"
4845,1692899,14,"Customer_21"
4846,1697306,14,"Customer_21"
4847,1658528,14,"Customer_21"
4848,1649002,14,"Customer_21"
4849,1649007,14,"Customer_21"
4850,1696149,14,"Customer_21"
4851,1692402,14,"Customer_21"
4852,1690001,14,"Customer_21"
4853,1690006,14,"Customer_21"
4854,1692109,14,"Customer_21"
4855,1692106,14,"Customer_21"
4856,1692113,14,"Customer_21"
4857,1692277,14,"Customer_21"
4858,1696756,14,"Customer_21"
4859,1696758,14,"Customer_21"
4860,1695138,14,"Customer_21"
4861,1676564,14,"Customer_21"
4862,1700139,14,"Customer_21"
4863,1675615,14,"Customer_21"
4864,1675655,14,"Customer_21"
4865,1675654,14,"Customer_21"
4866,1699772,14,"Customer_21"
4867,1696074,14,"Customer_21"
4868,1699771,14,"Customer_21"
4869,1696073,14,"Customer_21"
4870,1699770,14,"Customer_21"
4871,1699768,14,"Customer_21"
4872,1699769,14,"Customer_21"
4873,1699766,14,"Customer_21"
4874,1695346,14,"Customer_21"
4875,1695345,14,"Customer_21"
4876,1695348,14,"Customer_21"
4877,1676853,14,"Customer_21"
4878,1676851,14,"Customer_21"
4879,1682908,14,"Customer_21"
4880,1685214,14,"Customer_21"
4881,1655818,14,"Customer_21"
4882,1700142,14,"Customer_21"
4883,1668612,14,"Customer_21"
4884,1668607,14,"Customer_21"
4885,1668608,14,"Customer_21"
4886,1654766,14,"Customer_21"
4887,1683704,14,"Customer_21"
4888,1700105,14,"Customer_21"
4889,1700094,14,"Customer_21"
4890,1700097,14,"Customer_21"
4891,1651302,14,"Customer_21"
4892,1651299,14,"Customer_21"
4893,1651298,14,"Customer_21"
4894,1689786,14,"Customer_21"
4895,1693747,14,"Customer_21"
4896,1689784,14,"Customer_21"
4897,1689782,14,"Customer_21"
4898,1689780,14,"Customer_21"
4899,1688575,14,"Customer_21"
4900,1689546,14,"Customer_21"
4901,1689548,14,"Customer_21"
4902,1689547,14,"Customer_21"
4903,1689788,14,"Customer_21"
4904,1656246,14,"Customer_21"
4905,1672713,14,"Customer_21"
4906,1672722,14,"Customer_21"
4907,1672707,14,"Customer_21"
4908,1673710,14,"Customer_21"
4909,1682865,14,"Customer_21"
4910,1682739,14,"Customer_21"
4911,1682805,14,"Customer_21"
4912,1682829,14,"Customer_21"
4913,1682826,14,"Customer_21"
4914,1682802,14,"Customer_21"
4915,1689147,14,"Customer_21"
4916,1689145,14,"Customer_21"
4917,1660580,14,"Customer_21"
4918,1660578,14,"Customer_21"
4919,1660579,14,"Customer_21"
4920,1689012,14,"Customer_21"
4921,1680561,14,"Customer_21"
4922,1669702,14,"Customer_21"
4923,1662552,14,"Customer_21"
4924,1662554,14,"Customer_21"
4925,1656350,14,"Customer_21"
4926,1652644,14,"Customer_21"
4927,1654251,14,"Customer_21"
4928,1687661,14,"Customer_21"
4929,1689469,14,"Customer_21"
4930,1687346,14,"Customer_21"
4931,1669409,14,"Customer_21"
4932,1668421,14,"Customer_21"
4933,1677891,14,"Customer_21"
4934,1651126,14,"Customer_21"
4935,1651350,14,"Customer_21"
4936,1655373,14,"Customer_21"
4937,1655723,14,"Customer_21"
4938,1652538,14,"Customer_21"
4939,1657063,14,"Customer_21"
4940,1660563,14,"Customer_21"
4941,1656839,14,"Customer_21"
4942,1660897,14,"Customer_21"
4943,1660885,14,"Customer_21"
4944,1657064,14,"Customer_21"
4945,1668550,14,"Customer_21"
4946,1668545,14,"Customer_21"
4947,1668547,14,"Customer_21"
4948,1668555,14,"Customer_21"
4949,1685212,14,"Customer_21"
4950,1652644,14,"Customer_29"
4951,1668097,14,"Customer_29"
4952,1668094,14,"Customer_29"
4953,1687346,14,"Customer_29"
4954,1669409,14,"Customer_29"
5455,1688778,27,""
5462,1690321,27,""
5469,1693035,27,""
5477,1696574,27,""
5483,1697883,27,""
5491,1700035,27,""
5499,1650400,23,""
5505,1666959,23,""
5513,1680245,23,""
5519,1682959,23,""
5527,1687354,23,""
5534,1682712,22,""
5541,1682799,22,""
5548,1683392,22,""
5556,1684645,22,""
4955,1660579,14,"Customer_24"
4956,1656350,14,"Customer_24"
4957,1656348,14,"Customer_24"
4958,1656353,14,"Customer_24"
4959,1692984,14,"Customer_24"
4960,1644308,14,"Customer_24"
4961,1651366,14,"Customer_24"
4962,1687491,14,"Customer_24"
4963,1686401,14,"Customer_24"
4964,1683203,14,"Customer_24"
4965,1672664,14,"Customer_24"
4966,1672676,14,"Customer_24"
4967,1672661,14,"Customer_24"
4968,1672651,14,"Customer_24"
4969,1699553,14,"Customer_24"
4970,1699283,14,"Customer_29"
4971,1699369,14,"Customer_29"
4972,1699268,14,"Customer_29"
4973,1699561,14,"Customer_29"
4974,1688294,14,"Customer_29"
4975,1688633,14,"Customer_29"
4976,1688589,14,"Customer_29"
4977,1688575,14,"Customer_29"
4978,1688629,14,"Customer_29"
4979,1689546,14,"Customer_29"
4980,1689548,14,"Customer_29"
4981,1689547,14,"Customer_29"
4982,1691546,14,"Customer_29"
4983,1656246,14,"Customer_29"
4984,1698988,14,"Customer_29"
4985,1698977,14,"Customer_29"
4986,1682739,14,"Customer_29"
4987,1682745,14,"Customer_29"
4988,1683407,14,"Customer_29"
4989,1683409,14,"Customer_29"
4990,1683419,14,"Customer_29"
4991,1683392,14,"Customer_29"
4992,1682784,14,"Customer_29"
4993,1682805,14,"Customer_29"
4994,1682760,14,"Customer_29"
4995,1682757,14,"Customer_29"
4996,1682763,14,"Customer_29"
4997,1683432,14,"Customer_29"
4998,1682802,14,"Customer_29"
4999,1682754,14,"Customer_29"
5000,1660578,14,"Customer_29"
5001,1660580,14,"Customer_29"
5002,1660585,14,"Customer_29"
5003,1680562,14,"Customer_29"
5004,1669701,14,"Customer_29"
5005,1692956,14,"Customer_29"
5006,1692955,14,"Customer_29"
5007,1692940,14,"Customer_29"
5008,1689147,14,"Customer_44"
5009,1689145,14,"Customer_44"
5010,1689146,14,"Customer_44"
5011,1662552,14,"Customer_44"
5012,1687346,14,"Customer_44"
5013,1677891,14,"Customer_44"
5014,1668550,14,"Customer_44"
5015,1697080,14,"Customer_44"
5016,1697085,14,"Customer_44"
5017,1697084,14,"Customer_44"
5018,1677878,14,"Customer_44"
5019,1693626,14,"Customer_44"
5020,1687644,14,"Customer_44"
5021,1696753,14,"Customer_24"
5022,1696752,14,"Customer_24"
5023,1696754,14,"Customer_24"
5024,1676563,14,"Customer_24"
5025,1668545,14,"Customer_29"
5026,1668547,14,"Customer_29"
5027,1683203,14,"Customer_29"
5028,1699417,14,"Customer_29"
5029,1646909,14,"Customer_29"
5030,1671836,14,"Customer_29"
5031,1672088,14,"Customer_29"
5032,1672085,14,"Customer_29"
5033,1672117,14,"Customer_29"
5034,1699553,14,"Customer_29"
5035,1692987,14,"Customer_29"
5036,1615677,14,"Customer_29"
5037,1693626,14,"Customer_29"
5038,1699674,14,"Customer_29"
5039,1699670,14,"Customer_29"
5040,1699540,14,"Customer_29"
5041,1699570,14,"Customer_29"
5042,1700569,14,"Customer_28"
5043,1678427,14,"Customer_28"
5044,1661099,14,"Customer_28"
5045,1671461,14,"Customer_28"
5046,1684862,14,"Customer_28"
5047,1663347,14,"Customer_20"
5048,1692333,14,"Customer_06"
5049,1671426,14,"Customer_45"
5050,1646392,24,"Customer_26"
5051,1681377,24,"Customer_35"
5052,1681379,24,"Customer_35"
5053,1681376,24,"Customer_35"
5054,1690145,24,"Customer_35"
5055,1690143,24,"Customer_35"
5056,1690144,24,"Customer_35"
5057,1684497,24,"Customer_35"
5058,1684005,24,"Customer_35"
5059,1683999,24,"Customer_35"
5060,1680961,24,"Customer_35"
5061,1690171,24,"Customer_13"
5062,1653969,24,"Customer_13"
5063,1621719,24,"Customer_13"
5064,1685076,24,"Customer_33"
5065,1653237,24,"Customer_33"
5066,1689641,24,"Customer_33"
5067,1680966,24,"Customer_33"
5068,1655985,24,"Customer_33"
5069,1646393,24,"Customer_33"
5070,1680503,24,"Customer_33"
5071,1646393,24,"Customer_15"
5072,1669740,24,"Customer_28"
5073,1690171,24,"Customer_28"
5074,1668716,24,"Customer_28"
5075,1653237,24,"Customer_28"
5076,1672245,24,"Customer_28"
5077,1646393,24,"Customer_28"
5078,1652885,24,"Customer_28"
5079,1679995,24,"Customer_28"
5080,1652887,24,"Customer_28"
5081,1652883,24,"Customer_28"
5082,1674378,24,"Customer_28"
5083,1674380,24,"Customer_28"
5084,1670498,24,"Customer_21"
5085,1653969,24,"Customer_29"
5086,1672347,19,"Customer_13"
5087,1672986,19,"Customer_01"
5088,1681888,19,"Customer_31"
5089,1681890,19,"Customer_31"
5090,1681878,19,"Customer_31"
5091,1681885,19,"Customer_31"
5092,1681883,19,"Customer_31"
5093,1672344,19,"Customer_31"
5094,1672345,19,"Customer_31"
5095,1672986,19,"Customer_31"
5096,1696263,19,"Customer_31"
5097,1696260,19,"Customer_31"
5098,1696262,19,"Customer_31"
5099,1691700,19,"Customer_31"
5100,1681878,19,"Customer_05"
5101,1672344,19,"Customer_05"
5102,1672986,19,"Customer_05"
5103,1691700,19,"Customer_05"
5104,1681882,19,"Customer_21"
5105,1680245,23,"Customer_39"
5106,1657013,23,"Customer_39"
5107,1650715,23,"Customer_39"
5108,1697781,23,"Customer_39"
5109,1666961,23,"Customer_39"
5110,1666990,23,"Customer_39"
5111,1685321,23,"Customer_39"
5112,1677229,23,"Customer_39"
5113,1686657,23,"Customer_39"
5114,1685329,23,"Customer_39"
5115,1685332,23,"Customer_39"
5116,1680245,23,"Customer_30"
5117,1677229,23,"Customer_30"
5118,1686657,23,"Customer_30"
5119,1685329,23,"Customer_30"
5120,1685330,23,"Customer_30"
5121,1666958,23,"Customer_30"
5122,1679991,23,"Customer_30"
5123,1702224,23,"Customer_12"
5124,1681700,23,"Customer_12"
5125,1681699,23,"Customer_12"
5126,1681687,23,"Customer_12"
5127,1683387,23,"Customer_12"
5128,1681688,23,"Customer_12"
5129,1696476,23,"Customer_12"
5130,1682914,23,"Customer_12"
5131,1681701,23,"Customer_12"
5132,1677229,23,"Customer_12"
5133,1686762,23,"Customer_17"
5134,1682959,23,"Customer_17"
5135,1686764,23,"Customer_17"
5136,1682769,14,"Customer_38"
5137,1682832,14,"Customer_38"
5138,1682805,14,"Customer_38"
5139,1682760,14,"Customer_38"
5140,1682850,14,"Customer_38"
5141,1682796,14,"Customer_38"
5142,1682802,14,"Customer_38"
5143,1682790,14,"Customer_38"
5144,1682799,14,"Customer_38"
5145,1683190,14,"Customer_44"
5146,1683191,14,"Customer_44"
5147,1696747,14,"Customer_44"
5148,1696746,14,"Customer_44"
5149,1699772,14,"Customer_44"
5150,1696074,14,"Customer_44"
5151,1699771,14,"Customer_44"
5152,1696073,14,"Customer_44"
5153,1699770,14,"Customer_44"
5154,1679638,14,"Customer_44"
5155,1676853,14,"Customer_44"
5156,1680210,14,"Customer_44"
5157,1676942,14,"Customer_44"
5158,1679639,14,"Customer_44"
5159,1694720,14,"Customer_44"
5160,1651299,14,"Customer_44"
5161,1692946,14,"Customer_24"
5162,1692949,14,"Customer_24"
5163,1692948,14,"Customer_24"
5164,1693865,14,"Customer_24"
5165,1693105,14,"Customer_24"
5166,1668344,14,"Customer_24"
5167,1699952,14,"Customer_43"
5168,1696654,14,"Customer_43"
5169,1699948,14,"Customer_43"
5170,1699953,14,"Customer_43"
5171,1700366,14,"Customer_46"
5172,1700362,14,"Customer_46"
5173,1701406,14,"Customer_46"
5174,1701405,14,"Customer_46"
5175,1700869,14,"Customer_46"
5176,1651299,14,"Customer_46"
5177,1684755,14,"Customer_46"
5178,1680915,14,"Customer_24"
5179,1676564,14,"Customer_24"
5180,1676565,14,"Customer_24"
5181,1676566,14,"Customer_24"
5182,1675655,14,"Customer_24"
5183,1660677,14,"Customer_24"
5184,1660673,14,"Customer_24"
5185,1684709,14,"Customer_24"
5186,1656246,14,"Customer_24"
5187,1699794,14,"Customer_24"
5188,1699799,14,"Customer_24"
5189,1683633,14,"Customer_24"
5190,1683636,14,"Customer_24"
5191,1683634,14,"Customer_24"
5192,1682742,14,"Customer_24"
5193,1682784,14,"Customer_24"
5194,1682826,14,"Customer_24"
5195,1682751,14,"Customer_24"
5196,1660585,14,"Customer_24"
5197,1690153,12,""
5198,1690176,12,""
5199,1690265,12,""
5200,1690271,12,""
5202,1690374,12,""
5203,1690488,12,""
5204,1690489,12,""
5205,1690491,12,""
5207,1690529,12,""
5208,1691893,12,""
5209,1691901,12,""
5210,1691937,12,""
5211,1692223,12,""
5213,1692226,12,""
5214,1692679,12,""
5215,1692863,12,""
5216,1693065,12,""
5217,1693525,12,""
5219,1693530,12,""
5220,1693534,12,""
5221,1693536,12,""
5222,1693538,12,""
5224,1694557,12,""
5225,1694559,12,""
5226,1694561,12,""
5228,1694565,12,""
5229,1694566,12,""
5231,1694789,12,""
5233,1694911,12,""
5234,1694913,12,""
5235,1694985,12,""
5237,1695766,12,""
5239,1695934,12,""
5240,1696549,12,""
5242,1697128,12,""
5243,1697147,12,""
5245,1697428,12,""
5247,1697521,12,""
5248,1697523,12,""
5249,1697524,12,""
5251,1698654,12,""
5253,1698749,12,""
5254,1700135,12,""
5256,1700306,12,""
5257,1700307,12,""
5258,1700309,12,""
5261,1701546,12,""
5262,1701550,12,""
5263,1683354,17,""
5265,1683760,17,""
5267,1684637,17,""
5268,1684646,17,""
5270,1684722,17,""
5271,1684725,17,""
5272,1684728,17,""
5275,1687643,17,""
5276,1688750,17,""
5277,1690006,17,""
5279,1672344,21,""
5280,1680674,21,""
5282,1680699,21,""
5284,1681880,21,""
5285,1682651,21,""
5286,1682769,21,""
5289,1682832,21,""
5290,1682859,21,""
5291,1683293,21,""
5293,1683356,21,""
5294,1683357,21,""
5296,1683392,21,""
5298,1683409,21,""
5299,1683417,21,""
5300,1683426,21,""
5301,1683523,21,""
5304,1683531,21,""
5305,1683760,21,""
5306,1683773,21,""
5308,1683808,21,""
5310,1684637,21,""
5312,1684645,21,""
5313,1684646,21,""
5314,1684649,21,""
5315,1684659,21,""
5318,1684717,21,""
5319,1684722,21,""
5320,1684724,21,""
5322,1684728,21,""
5323,1684730,21,""
5326,1684767,21,""
5327,1684768,21,""
5328,1684771,21,""
5329,1684772,21,""
5332,1687191,21,""
5333,1688285,21,""
5334,1688288,21,""
5336,1688292,21,""
5337,1688294,21,""
5340,1688587,21,""
5341,1688589,21,""
5342,1688610,21,""
5343,1688621,21,""
5345,1688633,21,""
5347,1688746,21,""
5348,1688750,21,""
5350,1689544,21,""
5351,1689545,21,""
5354,1689548,21,""
5355,1689549,21,""
5356,1689550,21,""
5357,1689551,21,""
5359,1689781,21,""
5361,1689783,21,""
5362,1689784,21,""
5364,1690001,21,""
5365,1690006,21,""
5366,1690616,21,""
5369,1690627,21,""
5370,1690628,21,""
5371,1690630,21,""
5373,1691544,21,""
5375,1691548,21,""
5376,1691700,21,""
5378,1692056,21,""
5379,1692113,21,""
5380,1692277,21,""
5383,1663140,18,""
5384,1672343,18,""
5385,1672344,18,""
5387,1672347,18,""
5388,1672986,18,""
5390,1681880,18,""
5392,1681884,18,""
5393,1681885,18,""
5394,1681888,18,""
5397,1681897,18,""
5398,1681898,18,""
5399,1683709,18,""
5401,1691700,18,""
5402,1691701,18,""
5404,1696255,18,""
5406,1696258,18,""
5407,1696259,18,""
5408,1696260,18,""
5410,1696262,18,""
5412,1698759,,""
5413,1670498,25,""
5415,1700693,25,""
5416,1666985,27,""
5417,1668039,27,""
5420,1668369,27,""
5421,1668382,27,""
5422,1668792,27,""
5424,1672228,27,""
5425,1673716,27,""
5427,1677250,27,""
5429,1677256,27,""
5430,1677271,27,""
5431,1677317,27,""
5432,1677324,27,""
5435,1677347,27,""
5436,1677348,27,""
5438,1677472,27,""
5439,1677485,27,""
5441,1677501,27,""
5443,1679999,27,""
5444,1684319,27,""
5445,1685167,27,""
5446,1685170,27,""
5449,1686435,27,""
5450,1687626,27,""
5452,1687632,27,""
5453,1687713,27,""
5454,1688035,27,""
5457,1688924,27,""
5458,1688929,27,""
5459,1689539,27,""
5460,1689639,27,""
5463,1691393,27,""
5464,1692656,27,""
5466,1692723,27,""
5467,1692729,27,""
5468,1692731,27,""
5471,1694780,27,""
5472,1694812,27,""
5473,1695949,27,""
5474,1696356,27,""
5476,1696572,27,""
5478,1696575,27,""
5480,1696799,27,""
5481,1697181,27,""
5482,1697317,27,""
5485,1699215,27,""
5486,1699224,27,""
5487,1699337,27,""
5488,1699615,27,""
5490,1699757,27,""
5492,1700371,27,""
5494,1702652,27,""
5495,1702654,27,""
5496,1617714,23,""
5497,1621717,23,""
5500,1650715,23,""
5501,1655985,23,""
5502,1656969,23,""
5504,1666957,23,""
5506,1666961,23,""
5507,1666992,23,""
5509,1671247,23,""
5510,1674635,23,""
5511,1675810,23,""
5514,1680249,23,""
5515,1681688,23,""
5516,1681699,23,""
5518,1682594,23,""
5520,1685321,23,""
5521,1685329,23,""
5523,1685333,23,""
5524,1685963,23,""
5525,1686762,23,""
5528,1689457,23,""
5529,1689461,23,""
5530,1697781,23,""
5532,1680742,22,""
5533,1682651,22,""
5535,1682757,22,""
5537,1682769,22,""
5538,1682778,22,""
5539,1682790,22,""
5542,1682805,22,""
5543,1682832,22,""
5544,1682853,22,""
5546,1683146,22,""
5547,1683361,22,""
5549,1683407,22,""
5551,1683419,22,""
5552,1683432,22,""
5553,1683749,22,""
5555,1684644,22,""
5557,1684649,22,""
5558,1684722,22,""
5560,1692950,14,"Customer_24"
5561,1689543,14,"Customer_39"
5562,1690631,14,"Customer_39"
5563,1688294,14,"Customer_39"
5564,1690617,14,"Customer_39"
5565,1689545,14,"Customer_39"
5566,1688292,14,"Customer_39"
5567,1689544,14,"Customer_39"
5568,1680738,14,"Customer_46"
5569,1680740,14,"Customer_46"
5570,1689543,14,"Customer_46"
5571,1689782,14,"Customer_46"
5572,1690617,14,"Customer_46"
5573,1689545,14,"Customer_46"
5574,1689544,14,"Customer_46"
5575,1688288,14,"Customer_46"
5576,1689549,14,"Customer_46"
5577,1688633,14,"Customer_46"
5578,1688589,14,"Customer_46"
5579,1688587,14,"Customer_46"
5580,1688575,14,"Customer_46"
5581,1688629,14,"Customer_46"
5582,1688571,14,"Customer_46"
5583,1690619,14,"Customer_46"
5584,1689783,14,"Customer_46"
5585,1689546,14,"Customer_46"
5586,1689551,14,"Customer_46"
5587,1689548,14,"Customer_46"
5588,1689547,14,"Customer_46"
5589,1690621,14,"Customer_46"
5590,1690630,14,"Customer_46"
5591,1690627,14,"Customer_46"
5592,1690628,14,"Customer_46"
5593,1683424,14,"Customer_46"
5594,1683405,14,"Customer_46"
5595,1682730,14,"Customer_46"
5596,1683426,14,"Customer_46"
5597,1682772,14,"Customer_46"
5598,1682709,14,"Customer_46"
5599,1683401,14,"Customer_46"
5600,1683392,14,"Customer_46"
5601,1682736,14,"Customer_46"
5602,1682832,14,"Customer_46"
5603,1682648,14,"Customer_46"
5604,1682805,14,"Customer_46"
5605,1682760,14,"Customer_46"
5606,1682757,14,"Customer_46"
5607,1682763,14,"Customer_46"
5608,1682835,14,"Customer_46"
5609,1683432,14,"Customer_46"
5610,1682802,14,"Customer_46"
5611,1687346,14,"Customer_46"
5612,1689469,14,"Customer_46"
5613,1668545,14,"Customer_46"
5614,1668547,14,"Customer_46"
5615,1699976,14,"Customer_46"
5616,1692994,14,"Customer_41"
5617,1693700,14,"Customer_47"
5618,1692333,14,"Customer_47"
5619,1668362,14,"Customer_04"
5620,1690006,14,"Customer_23"
5621,1692109,14,"Customer_23"
5622,1692108,14,"Customer_23"
5623,1699772,14,"Customer_23"
5624,1695349,14,"Customer_23"
5625,1696074,14,"Customer_23"
5626,1696075,14,"Customer_23"
5627,1680210,14,"Customer_23"
5628,1654766,14,"Customer_23"
5629,1683293,14,"Customer_23"
5630,1678493,14,"Customer_23"
5631,1689145,14,"Customer_23"
5632,1689146,14,"Customer_23"
5633,1697087,14,"Customer_23"
5634,1697080,14,"Customer_23"
5635,1697086,14,"Customer_23"
5636,1697085,14,"Customer_23"
5637,1697084,14,"Customer_23"
5638,1693453,14,"Customer_07"
5639,1695346,14,"Customer_07"
5640,1695348,14,"Customer_07"
5641,1683558,14,"Customer_07"
5642,1700738,14,"Customer_07"
5643,1696654,14,"Customer_07"
5644,1699948,14,"Customer_07"
5645,1699953,14,"Customer_07"
5646,1699946,14,"Customer_07"
5647,1697081,14,"Customer_07"
5648,1697085,14,"Customer_07"
5649,1697084,14,"Customer_07"
5650,1650905,14,"Customer_39"
5651,1650904,14,"Customer_39"
5652,1658528,14,"Customer_39"
5653,1658532,14,"Customer_39"
5654,1700382,14,"Customer_39"
5655,1700887,14,"Customer_39"
5656,1700366,14,"Customer_39"
5657,1700362,14,"Customer_39"
5658,1699433,14,"Customer_39"
5659,1701405,14,"Customer_39"
5660,1676563,14,"Customer_39"
5661,1676565,14,"Customer_39"
5662,1676566,14,"Customer_39"
5663,1700138,14,"Customer_39"
5664,1684808,14,"Customer_39"
5665,1660673,14,"Customer_39"
5666,1660668,14,"Customer_39"
5667,1699369,14,"Customer_39"
5668,1700140,14,"Customer_39"
5669,1699666,14,"Customer_39"
5670,1651298,14,"Customer_39"
5671,1684755,14,"Customer_39"
5672,1693747,14,"Customer_39"
5673,1689541,14,"Customer_39"
5674,1690632,14,"Customer_39"
5675,1688610,14,"Customer_39"
5676,1690614,14,"Customer_39"
5677,1690634,14,"Customer_39"
5678,1690621,14,"Customer_39"
5679,1688288,14,"Customer_39"
5680,1689550,14,"Customer_39"
5681,1688290,14,"Customer_39"
5682,1688285,14,"Customer_39"
5683,1689549,14,"Customer_39"
5684,1688633,14,"Customer_39"
5685,1688589,14,"Customer_39"
5686,1688587,14,"Customer_39"
5687,1688575,14,"Customer_39"
5227,1694562,12,""
5232,1694791,12,""
5236,1695660,12,""
5241,1697127,12,""
5246,1697434,12,""
5250,1697628,12,""
5255,1700304,12,""
5260,1701320,12,""
5264,1683361,17,""
5269,1684649,17,""
5274,1686209,17,""
5278,1692277,17,""
5283,1681878,21,""
5288,1682805,21,""
5292,1683294,21,""
5297,1683403,21,""
5302,1683525,21,""
5307,1683802,21,""
5311,1684644,21,""
5316,1684668,21,""
5321,1684725,21,""
5325,1684743,21,""
5330,1684773,21,""
5335,1688290,21,""
5339,1688575,21,""
5344,1688629,21,""
5349,1689543,21,""
5353,1689547,21,""
5358,1689780,21,""
5363,1689785,21,""
5367,1690619,21,""
5688,1688629,14,"Customer_39"
5689,1688571,14,"Customer_39"
5690,1690619,14,"Customer_39"
5691,1689546,14,"Customer_39"
5692,1689551,14,"Customer_39"
5693,1689548,14,"Customer_39"
5372,1690634,21,""
5377,1691701,21,""
5381,1695345,21,""
5386,1672345,18,""
5391,1681883,18,""
5395,1681890,18,""
5400,1683710,18,""
5405,1696256,18,""
5409,1696261,18,""
5414,1685171,25,""
5419,1668351,27,""
5423,1669083,27,""
5428,1677251,27,""
5433,1677326,27,""
5437,1677350,27,""
5442,1679111,27,""
5447,1685174,27,""
5451,1687629,27,""
5456,1688781,27,""
5461,1689641,27,""
5465,1692722,27,""
5470,1694777,27,""
5475,1696533,27,""
5479,1696640,27,""
5484,1698758,27,""
5489,1699624,27,""
5493,1700380,27,""
5498,1621719,23,""
5503,1657013,23,""
5508,1666994,23,""
5512,1679991,23,""
5201,1690372,12,""
5206,1690493,12,""
5212,1692224,12,""
5218,1693529,12,""
5223,1694556,12,""
5230,1694604,12,""
5238,1695932,12,""
5244,1697243,12,""
5252,1698657,12,""
5259,1701317,12,""
5266,1683795,17,""
5273,1685107,17,""
5281,1680697,21,""
5287,1682778,21,""
5295,1683361,21,""
5303,1683528,21,""
5309,1684636,21,""
5317,1684669,21,""
5324,1684740,21,""
5331,1685107,21,""
5338,1688571,21,""
5346,1688695,21,""
5352,1689546,21,""
5360,1689782,21,""
5368,1690621,21,""
5374,1691546,21,""
5382,1695348,21,""
5389,1681878,18,""
5396,1681895,18,""
5403,1696254,18,""
5694,1689547,14,"Customer_39"
5411,1696263,18,""
5418,1668350,27,""
5426,1673774,27,""
5434,1677328,27,""
5695,1690616,14,"Customer_39"
5440,1677488,27,""
5448,1686433,27,""
5696,1690630,14,"Customer_39"
5697,1690627,14,"Customer_39"
5698,1690628,14,"Customer_39"
5699,1699797,14,"Customer_39"
5700,1672707,14,"Customer_39"
5701,1683388,14,"Customer_39"
5702,1683430,14,"Customer_39"
5703,1683424,14,"Customer_39"
5704,1684659,13,""
5705,1684722,13,""
5706,1684724,13,""
5707,1684725,13,""
5708,1684728,13,""
5709,1684730,13,""
5710,1684740,13,""
5711,1684741,13,""
5712,1684743,13,""
5713,1684752,13,""
5714,1684767,13,""
5715,1684768,13,""
5716,1684771,13,""
5717,1684772,13,""
5718,1684773,13,""
5719,1685107,13,""
5720,1687191,13,""
5721,1688285,13,""
5722,1688288,13,""
5723,1688290,13,""
5724,1688292,13,""
5725,1688294,13,""
5726,1688571,13,""
5727,1688575,13,""
5728,1688587,13,""
5729,1688589,13,""
5730,1688610,13,""
5731,1688621,13,""
5732,1688629,13,""
5733,1688633,13,""
5734,1689543,13,""
5735,1689544,13,""
5736,1689545,13,""
5737,1689546,13,""
5738,1689547,13,""
5739,1689548,13,""
5740,1689549,13,""
5741,1689550,13,""
5742,1689551,13,""
5743,1689780,13,""
5744,1689781,13,""
5745,1689782,13,""
5746,1689783,13,""
5747,1689784,13,""
5748,1689785,13,""
5749,1690100,13,""
5750,1690614,13,""
5751,1690616,13,""
5752,1690619,13,""
5753,1690621,13,""
5754,1690627,13,""
5755,1690628,13,""
5756,1690630,13,""
5757,1691546,13,""
5758,1654431,12,""
5759,1664406,12,""
5760,1664416,12,""
5761,1665542,12,""
5762,1665863,12,""
5763,1668786,12,""
5764,1668787,12,""
5765,1669095,12,""
5766,1669096,12,""
5767,1669098,12,""
5768,1670651,12,""
5769,1670657,12,""
5770,1670726,12,""
5771,1670729,12,""
5772,1670832,12,""
5773,1671082,12,""
5774,1671768,12,""
5775,1672483,12,""
5776,1673316,12,""
5777,1673317,12,""
5778,1673344,12,""
5779,1673352,12,""
5780,1673354,12,""
5781,1673604,12,""
5782,1673716,12,""
5783,1673790,12,""
5784,1673860,12,""
5785,1674378,12,""
5786,1674380,12,""
5787,1674382,12,""
5788,1674384,12,""
5789,1674493,12,""
5790,1675998,12,""
5791,1676003,12,""
5792,1676009,12,""
5793,1677163,12,""
5794,1677199,12,""
5795,1677614,12,""
5796,1677617,12,""
5797,1677618,12,""
5798,1679087,12,""
5799,1679938,12,""
5800,1679943,12,""
5801,1679944,12,""
5802,1679945,12,""
5803,1679946,12,""
5804,1679947,12,""
5805,1679948,12,""
5806,1679950,12,""
5807,1679951,12,""
5808,1679953,12,""
5809,1679954,12,""
5810,1679956,12,""
5811,1680434,12,""
5812,1681129,12,""
5813,1681136,12,""
5814,1681374,12,""
5815,1681378,12,""
5816,1681468,12,""
5817,1681812,12,""
5818,1682502,12,""
5819,1682593,12,""
5820,1683107,12,""
5821,1684271,12,""
5822,1684524,12,""
5823,1684756,12,""
5824,1685009,12,""
5825,1685010,12,""
5826,1685011,12,""
5827,1685012,12,""
5828,1685825,12,""
5829,1685828,12,""
5830,1685832,12,""
5831,1685834,12,""
5832,1685835,12,""
5833,1685836,12,""
5834,1685837,12,""
5835,1685841,12,""
5836,1686001,12,""
5837,1686002,12,""
5838,1686505,12,""
5839,1686705,12,""
5840,1686707,12,""
5841,1687195,12,""
5842,1687416,12,""
5843,1687417,12,""
5844,1687418,12,""
5845,1687419,12,""
5846,1687420,12,""
5847,1687421,12,""
5848,1687422,12,""
5849,1687423,12,""
5850,1687424,12,""
5851,1687425,12,""
5852,1687660,12,""
5853,1687669,12,""
5854,1687670,12,""
5855,1687671,12,""
5856,1687707,12,""
5857,1687708,12,""
5858,1688043,12,""
5859,1688547,12,""
5860,1688880,12,""
5861,1688885,12,""
5862,1688954,12,""
5863,1689617,12,""
5864,1689888,12,""
5865,1690123,12,""
5866,1690152,12,""
5517,1681701,23,""
5522,1685332,23,""
5526,1686764,23,""
5531,1702224,23,""
5536,1682760,22,""
5540,1682796,22,""
5545,1682869,22,""
5550,1683417,22,""
5554,1683769,22,""
5559,1684725,22,""
7124,1683636,14,""
7129,1684647,14,""
7134,1685211,14,""
7138,1686758,14,""
7143,1688290,14,""
7148,1688678,14,""
7152,1689147,14,""
7157,1689553,14,""
7162,1690001,14,""
7166,1690621,14,""
7171,1699249,14,""
7176,1699325,14,""
7180,1699371,14,""
7185,1699524,14,""
7190,1699561,14,""
7194,1699583,14,""
7199,1699689,14,""
7204,1699792,14,""
7209,1699948,14,""
7213,1699976,14,""
7218,1700139,14,""
7223,1700558,14,""
7227,1700958,14,""
7232,1653237,24,""
7237,1680503,24,""
7241,1685245,24,""
7246,1685261,24,""
7251,1679124,28,""
7255,1664500,29,""
7260,1656871,16,""
7264,1661319,16,""
7269,1666761,16,""
7274,1671354,16,""
7278,1675746,16,""
7283,1681953,16,""
7288,1683365,16,""
5896,1672085,14,""
5902,1672651,14,""
5907,1672706,14,""
5913,1672714,14,""
5919,1673246,14,""
5924,1674118,14,""
5930,1675655,14,""
5936,1676565,14,""
5941,1676853,14,""
5947,1677884,14,""
5953,1678493,14,""
5958,1678759,14,""
5964,1680561,14,""
5970,1680738,14,""
5975,1682210,14,""
5981,1682712,14,""
5987,1682751,14,""
5992,1682778,14,""
5998,1682814,14,""
6004,1682862,14,""
6009,1683190,14,""
6015,1683359,14,""
6021,1683415,14,""
6026,1683558,14,""
6032,1683773,14,""
6038,1684703,14,""
6043,1684865,14,""
6049,1685760,14,""
6057,1687644,14,""
6063,1688575,14,""
6071,1689012,14,""
6079,1689543,14,""
6085,1689554,14,""
6093,1690004,14,""
6100,1690627,14,""
6106,1691548,14,""
6114,1692113,14,""
6120,1692402,14,""
6128,1692952,14,""
6136,1692997,14,""
6142,1693104,14,""
6150,1693618,14,""
6157,1694456,14,""
6164,1695348,14,""
6171,1696074,14,""
6179,1696297,14,""
6185,1696488,14,""
6193,1696756,14,""
6199,1697072,14,""
6205,1697085,14,""
6211,1697444,14,""
6216,1697954,14,""
6222,1698924,14,""
6229,1699166,14,""
6236,1699231,14,""
6243,1699268,14,""
6251,1699326,14,""
6257,1699372,14,""
6265,1699515,14,""
6273,1699557,14,""
6279,1699576,14,""
6287,1699675,14,""
6294,1699769,14,""
6300,1699798,14,""
6308,1699952,14,""
6314,1700014,14,""
6322,1700141,14,""
6330,1700570,14,""
6336,1700980,14,""
6344,1653969,24,""
6351,1679993,24,""
6358,1685076,24,""
6365,1685257,24,""
6373,1685273,24,""
6379,1685281,24,""
6387,1685290,24,""
6395,1685301,24,""
6401,1685546,24,""
6409,1691758,24,""
6416,1691766,24,""
6423,1691773,24,""
6430,1691783,24,""
6438,1691810,24,""
6444,1694272,24,""
6452,1694389,24,""
6460,1696200,24,""
6466,1696206,24,""
6474,1681878,19,""
6480,1681897,19,""
5867,1684730,22,""
5868,1684740,22,""
5869,1684752,22,""
5870,1684767,22,""
5871,1684771,22,""
5872,1684773,22,""
5873,1685107,22,""
5874,1686756,22,""
5875,1686758,22,""
5876,1688285,22,""
5877,1688290,22,""
5878,1688292,22,""
5879,1688571,22,""
5880,1688575,22,""
5881,0,13,"Customer_38"
5882,0,13,"Customer_42"
5883,0,13,"Customer_33"
5884,0,13,"Customer_39"
5885,0,13,"Customer_30"
5886,0,13,"Customer_12"
5887,0,13,"Customer_28"
5888,0,17,"Customer_40"
5889,0,17,"Customer_12"
5890,0,21,"Customer_42"
5891,0,21,"Customer_19"
5892,0,21,"Customer_48"
5893,0,21,"Customer_12"
5894,0,22,"Customer_48"
5895,1672052,14,""
5897,1672088,14,""
5898,1672091,14,""
5899,1672104,14,""
5900,1672110,14,""
5901,1672117,14,""
5903,1672661,14,""
5904,1672664,14,""
5905,1672670,14,""
5906,1672676,14,""
5908,1672707,14,""
5909,1672708,14,""
5910,1672709,14,""
5911,1672712,14,""
5912,1672713,14,""
5914,1672720,14,""
5915,1672721,14,""
5916,1672722,14,""
5917,1673103,14,""
5918,1673245,14,""
5920,1673687,14,""
5921,1673710,14,""
5922,1674085,14,""
5923,1674086,14,""
5925,1674120,14,""
5926,1674598,14,""
5927,1674853,14,""
5928,1675615,14,""
5929,1675654,14,""
5931,1675662,14,""
5932,1675670,14,""
5933,1675746,14,""
5934,1676563,14,""
5935,1676564,14,""
5937,1676566,14,""
5938,1676592,14,""
5939,1676699,14,""
5940,1676851,14,""
5942,1676942,14,""
5943,1677690,14,""
5944,1677692,14,""
5945,1677877,14,""
5946,1677878,14,""
5948,1677887,14,""
5949,1677889,14,""
5950,1677891,14,""
5951,1678000,14,""
5952,1678427,14,""
5954,1678494,14,""
5955,1678648,14,""
5956,1678652,14,""
5957,1678674,14,""
5959,1679571,14,""
5960,1679638,14,""
5961,1679639,14,""
5962,1679687,14,""
5963,1680210,14,""
5965,1680562,14,""
5966,1680712,14,""
5967,1680716,14,""
5968,1680734,14,""
5969,1680736,14,""
5971,1680740,14,""
5972,1680742,14,""
5973,1680915,14,""
5974,1681775,14,""
5976,1682347,14,""
5977,1682646,14,""
5978,1682651,14,""
5979,1682679,14,""
5980,1682682,14,""
5982,1682715,14,""
5983,1682730,14,""
5984,1682736,14,""
5985,1682742,14,""
5986,1682748,14,""
5988,1682757,14,""
5989,1682760,14,""
5990,1682766,14,""
5991,1682772,14,""
5993,1682787,14,""
5994,1682790,14,""
5995,1682796,14,""
5996,1682802,14,""
5997,1682805,14,""
5999,1682826,14,""
6000,1682832,14,""
6001,1682838,14,""
6002,1682850,14,""
6003,1682859,14,""
6005,1682868,14,""
6006,1682908,14,""
6007,1682982,14,""
6008,1683134,14,""
6010,1683197,14,""
6011,1683200,14,""
6012,1683203,14,""
6013,1683293,14,""
6014,1683294,14,""
6016,1683392,14,""
6017,1683397,14,""
6018,1683401,14,""
6019,1683403,14,""
6020,1683407,14,""
6022,1683417,14,""
6023,1683424,14,""
6024,1683426,14,""
6025,1683432,14,""
6027,1683560,14,""
6028,1683634,14,""
6029,1683635,14,""
6030,1683700,14,""
6031,1683739,14,""
6033,1684170,14,""
6034,1684330,14,""
6035,1684559,14,""
6036,1684636,14,""
6037,1684642,14,""
6039,1684709,14,""
6040,1684755,14,""
6041,1684808,14,""
6042,1684862,14,""
6044,1684866,14,""
6045,1685028,14,""
6046,1685212,14,""
6047,1685213,14,""
6048,1685370,14,""
6051,1686754,14,""
6052,1686756,14,""
6053,1687346,14,""
6054,1687384,14,""
6056,1687643,14,""
6058,1687689,14,""
6059,1687774,14,""
6061,1688292,14,""
6062,1688294,14,""
6065,1688598,14,""
6066,1688610,14,""
6067,1688615,14,""
6068,1688629,14,""
6070,1688824,14,""
6072,1689031,14,""
6073,1689033,14,""
6075,1689146,14,""
6076,1689296,14,""
6077,1689298,14,""
6080,1689545,14,""
6081,1689547,14,""
6082,1689548,14,""
6084,1689551,14,""
6086,1689601,14,""
6087,1689779,14,""
6089,1689782,14,""
6090,1689784,14,""
6091,1689786,14,""
6094,1690006,14,""
6095,1690100,14,""
6096,1690327,14,""
6098,1690617,14,""
6099,1690619,14,""
6101,1690630,14,""
6103,1690633,14,""
6104,1690634,14,""
6105,1691544,14,""
6108,1691700,14,""
6109,1692105,14,""
6110,1692106,14,""
6112,1692108,14,""
6113,1692109,14,""
6115,1692114,14,""
6117,1692277,14,""
6118,1692333,14,""
6119,1692401,14,""
6122,1692940,14,""
6123,1692942,14,""
6124,1692946,14,""
6126,1692949,14,""
6127,1692950,14,""
6129,1692955,14,""
6131,1692961,14,""
6132,1692974,14,""
6133,1692984,14,""
6134,1692987,14,""
6137,1692998,14,""
6138,1693001,14,""
6140,1693081,14,""
6141,1693101,14,""
6143,1693105,14,""
6145,1693122,14,""
6146,1693192,14,""
6147,1693230,14,""
6148,1693453,14,""
6151,1693625,14,""
6152,1693626,14,""
6154,1693740,14,""
6155,1693747,14,""
6156,1693865,14,""
6159,1695062,14,""
6160,1695138,14,""
6161,1695139,14,""
6163,1695346,14,""
6165,1695349,14,""
6166,1695687,14,""
6168,1695862,14,""
6169,1695911,14,""
6170,1696073,14,""
6173,1696149,14,""
6174,1696210,14,""
6175,1696212,14,""
6177,1696215,14,""
6178,1696290,14,""
6180,1696298,14,""
6182,1696300,14,""
6183,1696456,14,""
6184,1696482,14,""
6187,1696746,14,""
6188,1696747,14,""
6189,1696748,14,""
6191,1696753,14,""
6192,1696754,14,""
6194,1696757,14,""
6196,1696954,14,""
6197,1697067,14,""
6198,1697071,14,""
6200,1697080,14,""
6201,1697081,14,""
6202,1697082,14,""
6203,1697083,14,""
6204,1697084,14,""
6206,1697086,14,""
6207,1697087,14,""
6208,1697230,14,""
6209,1697306,14,""
6210,1697443,14,""
6212,1697872,14,""
6213,1697874,14,""
6214,1697951,14,""
6215,1697952,14,""
6217,1698015,14,""
6218,1698131,14,""
6219,1698196,14,""
6220,1698898,14,""
6221,1698913,14,""
6223,1698930,14,""
6224,1698977,14,""
6225,1698988,14,""
6227,1699022,14,""
6228,1699135,14,""
6231,1699173,14,""
6232,1699184,14,""
6233,1699188,14,""
6234,1699214,14,""
6237,1699239,14,""
6238,1699241,14,""
6239,1699242,14,""
6241,1699248,14,""
6242,1699265,14,""
6245,1699290,14,""
6246,1699308,14,""
6247,1699311,14,""
6248,1699312,14,""
6250,1699318,14,""
6252,1699329,14,""
6253,1699333,14,""
6255,1699361,14,""
6256,1699369,14,""
6259,1699416,14,""
6260,1699417,14,""
6261,1699419,14,""
6262,1699421,14,""
6264,1699465,14,""
6266,1699525,14,""
6267,1699526,14,""
6269,1699546,14,""
6270,1699548,14,""
6271,1699553,14,""
6274,1699562,14,""
6275,1699564,14,""
6276,1699570,14,""
6278,1699574,14,""
6280,1699579,14,""
6281,1699584,14,""
6283,1699623,14,""
6284,1699665,14,""
6285,1699666,14,""
6288,1699682,14,""
6289,1699690,14,""
6290,1699691,14,""
6292,1699697,14,""
6293,1699766,14,""
6295,1699770,14,""
6297,1699793,14,""
6298,1699794,14,""
6299,1699797,14,""
6302,1699841,14,""
6303,1699842,14,""
6304,1699946,14,""
6306,1699949,14,""
6307,1699951,14,""
6309,1699954,14,""
6311,1699974,14,""
6312,1699993,14,""
6313,1699995,14,""
6316,1700105,14,""
6317,1700121,14,""
6318,1700128,14,""
6320,1700138,14,""
6321,1700140,14,""
6323,1700143,14,""
6325,1700362,14,""
6326,1700366,14,""
6327,1700382,14,""
6328,1700557,14,""
6331,1700738,14,""
6332,1700769,14,""
6334,1700875,14,""
6335,1700887,14,""
6337,1701405,14,""
6339,1702016,14,""
6340,1621719,24,""
6341,1646393,24,""
6342,1652883,24,""
6345,1653973,24,""
6346,1661550,24,""
6348,1670498,24,""
6349,1674181,24,""
6350,1674378,24,""
6353,1680961,24,""
6354,1681376,24,""
6355,1681377,24,""
6356,1683999,24,""
6359,1685246,24,""
6360,1685247,24,""
6362,1685250,24,""
6363,1685253,24,""
6364,1685256,24,""
6367,1685260,24,""
6368,1685262,24,""
6369,1685264,24,""
6370,1685265,24,""
6372,1685269,24,""
6374,1685275,24,""
6376,1685277,24,""
6377,1685279,24,""
6378,1685280,24,""
6381,1685283,24,""
6382,1685284,24,""
6383,1685285,24,""
6384,1685286,24,""
6386,1685288,24,""
6388,1685291,24,""
6390,1685293,24,""
6391,1685294,24,""
6392,1685295,24,""
6393,1685298,24,""
6396,1685302,24,""
6397,1685303,24,""
6399,1685306,24,""
6400,1685307,24,""
6402,1689460,24,""
6404,1690143,24,""
6405,1690144,24,""
6406,1690145,24,""
6407,1690171,24,""
6410,1691759,24,""
6411,1691760,24,""
6412,1691761,24,""
6414,1691763,24,""
6415,1691765,24,""
6418,1691768,24,""
6419,1691769,24,""
6420,1691770,24,""
6421,1691771,24,""
6424,1691774,24,""
6425,1691775,24,""
6426,1691779,24,""
6428,1691781,24,""
6429,1691782,24,""
6432,1691786,24,""
6433,1691788,24,""
6434,1691789,24,""
6435,1691790,24,""
6437,1691792,24,""
6439,1693888,24,""
6440,1693889,24,""
6442,1694270,24,""
6443,1694271,24,""
6446,1694274,24,""
6447,1694384,24,""
6448,1694385,24,""
6449,1694386,24,""
6451,1694388,24,""
6453,1694390,24,""
6454,1696017,24,""
6456,1696019,24,""
6457,1696020,24,""
6458,1696021,24,""
6461,1696201,24,""
6462,1696202,24,""
6463,1696203,24,""
6465,1696205,24,""
6467,1697800,24,""
6468,1700089,24,""
6470,1672344,19,""
6471,1672345,19,""
6472,1672347,19,""
6475,1681882,19,""
6476,1681883,19,""
6477,1681885,19,""
6479,1681890,19,""
6481,1691700,19,""
6482,1691701,19,""
6484,1696255,19,""
6485,1696258,19,""
6486,1696260,19,""
6489,1696263,19,""
6490,1667123,15,""
6491,1680674,15,""
6493,1680684,15,""
6494,1680690,15,""
6496,1680699,15,""
6498,1698815,26,""
6499,1664419,28,""
6500,1664426,28,""
6503,1674918,28,""
6504,1675507,28,""
6505,1676151,28,""
6507,1677864,28,""
6508,1677865,28,""
6510,1685370,28,""
6512,1694139,28,""
6513,1694217,28,""
6514,1697052,28,""
6515,1660883,29,""
6518,1669095,29,""
6519,1669741,29,""
6521,1674718,29,""
6522,1650942,16,""
6524,1656873,16,""
6526,1660742,16,""
6527,1661315,16,""
6528,1661316,16,""
6529,1661318,16,""
6532,1662990,16,""
6533,1662991,16,""
6535,1664345,16,""
6536,1664346,16,""
6537,1665087,16,""
6540,1667126,16,""
6541,1667143,16,""
6542,1667164,16,""
6543,1667679,16,""
6546,1668426,16,""
6547,1672344,16,""
6549,1672621,16,""
6550,1673059,16,""
6551,1674111,16,""
6554,1675747,16,""
6555,1677568,16,""
6556,1677578,16,""
6557,1681721,16,""
6559,1681778,16,""
6560,1681883,16,""
6561,1681952,16,""
6563,1681955,16,""
6564,1681957,16,""
6565,1682366,16,""
6566,1683293,16,""
6567,1683354,16,""
6569,1683359,16,""
6570,1683361,16,""
6571,1683523,16,""
6572,1683527,16,""
6574,1683802,16,""
6575,1683808,16,""
6576,1684668,16,""
6577,1684717,16,""
6578,1685593,16,""
6580,1689498,16,""
6581,1692056,16,""
6582,1692106,16,""
6583,1692107,16,""
6584,1692109,16,""
6586,1692115,16,""
6587,1692401,16,""
6588,1693453,16,""
6590,1696256,16,""
6592,1696774,16,""
6593,1696820,16,""
6595,1697081,16,""
6596,1697083,16,""
6597,1697085,16,""
6600,1697113,16,""
6601,1697115,16,""
6602,1660153,13,""
6603,1660530,13,""
6605,1680674,13,""
6607,1680742,13,""
6609,1682651,13,""
6610,1682709,13,""
6611,1682736,13,""
6614,1682766,13,""
6615,1682769,13,""
6616,1682778,13,""
6617,1682790,13,""
6619,1682799,13,""
6621,1682832,13,""
6623,1682859,13,""
6624,1682869,13,""
6625,1683134,13,""
6626,1683397,13,""
6629,1683409,13,""
6630,1683419,13,""
6631,1683432,13,""
6633,1683527,13,""
6635,1683760,13,""
6637,1684637,13,""
6638,1684644,13,""
6639,1684646,13,""
6640,1684649,13,""
6643,1688610,22,""
6644,1688621,22,""
6645,1688629,22,""
6647,1689543,22,""
6648,1689544,22,""
6651,1689547,22,""
6652,1689548,22,""
6653,1689549,22,""
6654,1689550,22,""
6657,1689781,22,""
6658,1689782,22,""
6659,1689783,22,""
6661,1689785,22,""
6662,1690614,22,""
6665,1690627,22,""
6666,1690628,22,""
6667,1690630,22,""
6668,1690634,22,""
6670,1687774,20,""
6672,1692899,20,""
6673,1695687,20,""
6675,1699369,20,""
6676,1699540,20,""
6679,1615677,14,""
6680,1620510,14,""
6681,1620552,14,""
6682,1622685,14,""
6684,1629341,14,""
6686,1635497,14,""
6687,1635536,14,""
6689,1636295,14,""
6690,1636782,14,""
6691,1639636,14,""
6694,1643056,14,""
6695,1643057,14,""
6696,1644050,14,""
6698,1644200,14,""
6700,1645070,14,""
6701,1646909,14,""
6703,1649007,14,""
6704,1649008,14,""
6705,1650568,14,""
6708,1650685,14,""
6709,1650880,14,""
6710,1650904,14,""
6712,1651126,14,""
6713,1651298,14,""
6715,1651302,14,""
6717,1651366,14,""
6718,1651377,14,""
6719,1651933,14,""
6722,1652538,14,""
6723,1652604,14,""
6724,1652611,14,""
6726,1652630,14,""
6727,1652644,14,""
6729,1653588,14,""
6731,1654497,14,""
6732,1654498,14,""
6733,1654619,14,""
6734,1654621,14,""
6737,1654766,14,""
6738,1655373,14,""
6740,1655754,14,""
6741,1655818,14,""
6743,1656246,14,""
6745,1656348,14,""
6746,1656350,14,""
6747,1656353,14,""
6748,1656839,14,""
6751,1657437,14,""
6752,1657474,14,""
6754,1658528,14,""
6755,1658532,14,""
6756,1660152,14,""
6759,1660551,14,""
6760,1660563,14,""
6761,1660577,14,""
6762,1660578,14,""
6765,1660583,14,""
6766,1660585,14,""
6768,1660673,14,""
6769,1660677,14,""
6770,1660885,14,""
6773,1661099,14,""
6774,1662238,14,""
6775,1662317,14,""
6776,1662395,14,""
6778,1662554,14,""
6780,1663347,14,""
6782,1664061,14,""
6783,1664067,14,""
6784,1664245,14,""
6787,1664254,14,""
6788,1664255,14,""
6789,1664258,14,""
6790,1664346,14,""
6792,1666396,14,""
6794,1666466,14,""
6796,1666519,14,""
6797,1666954,14,""
6798,1667126,14,""
6799,1667927,14,""
6802,1668127,14,""
6803,1668128,14,""
6804,1668343,14,""
6806,1668346,14,""
6808,1668421,14,""
6810,1668545,14,""
6811,1668550,14,""
6812,1668555,14,""
6813,1668557,14,""
6816,1668612,14,""
6817,1669409,14,""
6818,1669584,14,""
6820,1669702,14,""
6821,1670215,14,""
6824,1671819,14,""
6825,1671832,14,""
6826,1671834,14,""
6827,1671906,14,""
6830,1671951,14,""
6831,1671966,14,""
6832,1671997,14,""
6834,1672006,14,""
6835,1672028,14,""
6838,1680718,15,""
6839,1680742,15,""
6840,1680753,15,""
6841,1681973,15,""
6843,1683140,15,""
6845,1683740,15,""
6847,1683769,15,""
6848,1683773,15,""
6849,1683795,15,""
6852,1684334,15,""
6853,1684634,15,""
6854,1684637,15,""
6855,1684642,15,""
6857,1684646,15,""
6859,1684724,15,""
6861,1684730,15,""
6862,1684741,15,""
6863,1684743,15,""
6866,1684768,15,""
6867,1684772,15,""
6868,1684773,15,""
6869,1685107,15,""
6871,1685527,15,""
6873,1685722,15,""
6875,1686754,15,""
6876,1686758,15,""
6877,1687642,15,""
6878,1687643,15,""
6881,1688105,15,""
6882,1688678,15,""
6883,1688695,15,""
6885,1689643,15,""
6887,1693699,15,""
6889,1695346,15,""
6890,1695348,15,""
6891,1696073,15,""
6892,1696075,15,""
6895,1697443,15,""
6896,1697454,15,""
6898,1697951,15,""
6899,1697954,15,""
6900,1698015,15,""
6903,1698131,15,""
6904,1699767,15,""
6905,1699768,15,""
6906,1699770,15,""
6909,1699774,15,""
6910,1699946,15,""
6911,1699947,15,""
6913,1699949,15,""
6914,1699950,15,""
6917,1699953,15,""
6918,1699954,15,""
6919,1699974,15,""
6920,0,12,""
6922,0,14,""
6923,0,15,""
6924,0,16,""
6925,0,17,""
6926,0,18,""
6928,0,20,""
6929,0,21,""
6930,0,22,""
6932,0,24,""
6933,0,25,""
6934,0,26,""
6936,0,28,""
6937,0,29,""
6938,0,30,""
6939,1687892,12,""
6941,1688881,12,""
6943,1690013,12,""
6944,1690144,12,""
6945,1690155,12,""
6948,1690487,12,""
6949,1690490,12,""
6950,1690492,12,""
6952,1691906,12,""
6953,1692222,12,""
6955,1692852,12,""
6957,1693527,12,""
6958,1693531,12,""
6959,1693535,12,""
6961,1694558,12,""
6963,1694564,12,""
6964,1694568,12,""
6966,1694845,12,""
6967,1694984,12,""
6969,1695927,12,""
6971,1696864,12,""
6972,1697143,12,""
6973,1697252,12,""
6975,1697522,12,""
6977,1698320,12,""
6978,1698748,12,""
6980,1700305,12,""
6981,1700308,12,""
6982,1701319,12,""
6985,1683365,17,""
6986,1683769,17,""
6987,1684644,17,""
6989,1684724,17,""
6991,1687191,17,""
6992,1688695,17,""
6994,1672986,21,""
6995,1680684,21,""
6996,1680742,21,""
6999,1682787,21,""
7000,1682853,21,""
7001,1683134,21,""
7002,1683354,21,""
7004,1683365,21,""
7006,1683419,21,""
7008,1683527,21,""
7009,1683739,21,""
7010,1683769,21,""
7013,1684569,27,""
7014,1685173,27,""
7015,1686434,27,""
7016,1686673,27,""
7018,1687734,27,""
7020,1688868,27,""
7022,1689637,27,""
7023,1690315,27,""
7024,1691461,27,""
7025,1692708,27,""
7028,1694775,27,""
7029,1694783,27,""
7030,1695953,27,""
7032,1696573,27,""
7034,1696798,27,""
7036,1697884,27,""
7037,1698759,27,""
7038,1699336,27,""
7039,1699620,27,""
7042,1701418,27,""
7043,1702653,27,""
7044,1617826,23,""
7046,1650404,23,""
7047,1656944,23,""
7050,1666990,23,""
7051,1671246,23,""
7052,1671248,23,""
7053,1677229,23,""
7056,1681700,23,""
7057,1682914,23,""
7058,1683387,23,""
7060,1685952,23,""
7061,1686657,23,""
7064,1696476,23,""
7065,1680697,22,""
7066,1682709,22,""
7067,1682715,22,""
7069,1682787,22,""
7071,1682802,22,""
7072,1682835,22,""
7074,1683354,22,""
7075,1683403,22,""
7078,1683760,22,""
7079,1683795,22,""
7080,1684646,22,""
7081,1684724,22,""
7083,1684743,22,""
7085,1684772,22,""
7086,1686754,22,""
7088,1688288,22,""
7089,1688294,22,""
7090,1680781,14,""
7093,1682648,14,""
7094,1682681,14,""
7095,1682709,14,""
7097,1682739,14,""
7099,1682754,14,""
7100,1682763,14,""
7102,1682784,14,""
7103,1682793,14,""
7104,1682799,14,""
7107,1682835,14,""
7108,1682853,14,""
7109,1682865,14,""
7111,1682983,14,""
7112,1683191,14,""
7114,1683282,14,""
7116,1683388,14,""
7117,1683399,14,""
7118,1683405,14,""
7121,1683430,14,""
7122,1683556,14,""
7123,1683633,14,""
7125,1683704,14,""
7126,1683935,14,""
7128,1684560,14,""
7130,1684743,14,""
7131,1684796,14,""
7132,1684864,14,""
7133,1685027,14,""
7136,1686215,14,""
7137,1686463,14,""
7139,1687491,14,""
7140,1687642,14,""
7142,1688285,14,""
7144,1688571,14,""
7145,1688589,14,""
7146,1688600,14,""
7147,1688621,14,""
7150,1689032,14,""
7151,1689145,14,""
7153,1689469,14,""
7154,1689544,14,""
7155,1689546,14,""
7158,1689556,14,""
7159,1689780,14,""
7160,1689783,14,""
7161,1689785,14,""
7164,1690294,14,""
7165,1690616,14,""
7167,1690628,14,""
7168,1690632,14,""
7169,1691532,14,""
7172,1699283,14,""
7173,1699298,14,""
7174,1699310,14,""
7175,1699314,14,""
7177,1699327,14,""
7179,1699368,14,""
7181,1699380,14,""
7182,1699418,14,""
7183,1699424,14,""
7186,1699537,14,""
7187,1699540,14,""
7188,1699552,14,""
7189,1699556,14,""
7191,1699567,14,""
7193,1699575,14,""
7195,1699591,14,""
7196,1699625,14,""
7197,1699670,14,""
7198,1699676,14,""
7201,1699700,14,""
7202,1699768,14,""
7203,1699771,14,""
7205,1699795,14,""
7207,1699836,14,""
7208,1699844,14,""
7210,1699950,14,""
7211,1699953,14,""
7212,1699971,14,""
7215,1700097,14,""
7216,1700118,14,""
7217,1700130,14,""
7219,1700142,14,""
7221,1700363,14,""
7222,1700539,14,""
7224,1700657,14,""
7225,1700869,14,""
7226,1700871,14,""
7229,1701972,14,""
7230,1646392,24,""
7231,1652885,24,""
7233,1655985,24,""
7234,1669740,24,""
7236,1674380,24,""
7238,1680966,24,""
7239,1681379,24,""
7240,1684497,24,""
7243,1685251,24,""
7244,1685254,24,""
7245,1685258,24,""
7247,1685263,24,""
7248,1685266,24,""
7250,1685274,24,""
7252,1685378,28,""
7253,1691969,28,""
7254,1696107,28,""
7256,1668792,29,""
7258,1671769,29,""
7259,1699520,29,""
7261,1656879,16,""
7262,1660748,16,""
7265,1662989,16,""
7266,1664340,16,""
7267,1664344,16,""
7268,1664347,16,""
7270,1667125,16,""
7272,1668409,16,""
7273,1668419,16,""
7275,1672565,16,""
7276,1673058,16,""
7277,1674114,16,""
7280,1677581,16,""
7281,1681775,16,""
7282,1681951,16,""
7284,1681956,16,""
7286,1683294,16,""
7287,1683357,16,""
7289,1683525,16,""
7290,1683531,16,""
7291,1684659,16,""
7292,1684669,16,""
7293,1685595,16,""
7294,1689502,16,""
7295,1692105,16,""
7296,1692108,16,""
7297,1692114,16,""
7298,1692277,16,""
7299,1696113,16,""
7300,1696261,16,""
7301,1696263,16,""
7302,1696822,16,""
7303,1697082,16,""
7304,1697084,16,""
7305,1697087,16,""
7306,1697114,16,""
7307,1656889,13,""
7308,1660585,13,""
7309,1680682,13,""
7310,1680697,13,""
7311,1682648,13,""
7312,1682727,13,""
7313,1682754,13,""
7314,1682763,13,""
7315,1682772,13,""
7316,1682787,13,""
7317,1682796,13,""
7318,1682805,13,""
7319,1682835,13,""
7320,1682862,13,""
7321,1683392,13,""
7322,1683401,13,""
7323,1683407,13,""
7324,1683426,13,""
7325,1683523,13,""
7326,1683739,13,""
7327,1683769,13,""
7328,1683808,13,""
7329,1684645,13,""
7330,1662274,14,""
7331,1662551,14,""
7332,1662991,14,""
7333,1663341,14,""
7334,1664051,14,""
7335,1664069,14,""
7336,1664246,14,""
7337,1664251,14,""
7338,1664257,14,""
7339,1664260,14,""
7340,1666317,14,""
7341,1666443,14,""
7342,1666470,14,""
7343,1666524,14,""
7344,1667817,14,""
7345,1668094,14,""
7346,1668099,14,""
7347,1668189,14,""
7348,1668345,14,""
7349,1668347,14,""
7350,1668492,14,""
7351,1668547,14,""
7352,1668554,14,""
7353,1668606,14,""
7354,1668609,14,""
7355,1668639,14,""
7356,1669685,14,""
7357,1670203,14,""
7358,1671416,14,""
7359,1671807,14,""
7360,1671833,14,""
7361,1671836,14,""
7362,1671942,14,""
7363,1671955,14,""
7364,1671988,14,""
7365,1672003,14,""
7366,1672034,14,""
7367,1680712,15,""
7368,1680738,15,""
7369,1681972,15,""
7370,1681977,15,""
7371,1683146,15,""
7372,1683741,15,""
7373,1683760,15,""
7374,1683783,15,""
7375,1684170,15,""
7376,1684332,15,""
7377,1684636,15,""
7378,1684643,15,""
7379,1684645,15,""
7380,1684722,15,""
7381,1684728,15,""
7382,1684740,15,""
7383,1684745,15,""
7384,1684767,15,""
7385,1684771,15,""
7386,1684794,15,""
7387,1685516,15,""
7388,1685603,15,""
7389,1686209,15,""
7390,1686756,15,""
7391,1687191,15,""
7392,1687644,15,""
7393,1688102,15,""
7394,1688106,15,""
7395,1688746,15,""
7396,1689644,15,""
7397,1690043,15,""
7398,1695345,15,""
7399,1695911,15,""
7400,1696074,15,""
7401,1696654,15,""
7402,1697444,15,""
7403,1697938,15,""
7404,1697952,15,""
7405,1698044,15,""
7406,1698128,15,""
7407,1699766,15,""
7408,1699769,15,""
7409,1699771,15,""
6050,1686401,14,""
6055,1687521,14,""
6060,1688288,14,""
6064,1688587,14,""
6069,1688633,14,""
6074,1689142,14,""
6078,1689541,14,""
6083,1689550,14,""
6088,1689781,14,""
6092,1689788,14,""
6097,1690614,14,""
6102,1690631,14,""
6107,1691650,14,""
6111,1692107,14,""
6116,1692115,14,""
6121,1692899,14,""
6125,1692948,14,""
6130,1692956,14,""
6135,1692994,14,""
6139,1693019,14,""
6144,1693117,14,""
6149,1693602,14,""
6153,1693700,14,""
6158,1694720,14,""
6162,1695345,14,""
6167,1695817,14,""
6172,1696075,14,""
6176,1696214,14,""
6181,1696299,14,""
6186,1696654,14,""
6190,1696752,14,""
6195,1696758,14,""
6226,1698997,14,""
6230,1699172,14,""
6235,1699220,14,""
6240,1699246,14,""
6244,1699285,14,""
6249,1699315,14,""
6254,1699353,14,""
6258,1699378,14,""
6268,1699539,14,""
6272,1699555,14,""
6277,1699571,14,""
6282,1699586,14,""
6286,1699674,14,""
6291,1699696,14,""
6296,1699772,14,""
6301,1699834,14,""
6305,1699947,14,""
6315,1700094,14,""
6319,1700137,14,""
6324,1700360,14,""
6329,1700569,14,""
6333,1700870,14,""
6338,1701462,14,""
6343,1652887,24,""
6347,1668716,24,""
6352,1679995,24,""
6361,1685249,24,""
6366,1685259,24,""
6371,1685268,24,""
6375,1685276,24,""
6380,1685282,24,""
6385,1685287,24,""
6389,1685292,24,""
6394,1685300,24,""
6398,1685305,24,""
6408,1691756,24,""
6413,1691762,24,""
6417,1691767,24,""
6422,1691772,24,""
6427,1691780,24,""
6431,1691784,24,""
6436,1691791,24,""
6441,1693893,24,""
6445,1694273,24,""
6455,1696018,24,""
6459,1696022,24,""
6464,1696204,24,""
6469,1663140,19,""
6473,1672986,19,""
6478,1681888,19,""
6483,1696254,19,""
6487,1696261,19,""
6492,1680682,15,""
6497,1680706,15,""
6502,1674916,28,""
6506,1676152,28,""
6511,1685979,28,""
6516,1666994,29,""
6520,1673352,29,""
6525,1656889,16,""
6530,1661320,16,""
6534,1664343,16,""
6539,1667071,16,""
6544,1668412,16,""
6548,1672564,16,""
6553,1675601,16,""
6558,1681759,16,""
6589,1696114,16,""
6594,1697080,16,""
6599,1697102,16,""
6604,1660668,13,""
6608,1682646,13,""
6613,1682760,13,""
6618,1682793,13,""
6622,1682853,13,""
6627,1683403,13,""
6632,1683525,13,""
6636,1683773,13,""
6641,1688587,22,""
6646,1688633,22,""
6650,1689546,22,""
6655,1689551,22,""
6660,1689784,22,""
6664,1690621,22,""
6669,1691546,22,""
6674,1695862,20,""
6678,1613321,14,""
6683,1623991,14,""
6688,1636236,14,""
6692,1641237,14,""
6697,1644062,14,""
6702,1649002,14,""
6707,1650586,14,""
6711,1650905,14,""
6716,1651350,14,""
6721,1652499,14,""
6725,1652615,14,""
6730,1654251,14,""
6735,1654622,14,""
6739,1655723,14,""
6744,1656347,14,""
6749,1657063,14,""
6753,1657475,14,""
6758,1660530,14,""
6763,1660579,14,""
6767,1660668,14,""
6772,1661098,14,""
6777,1662552,14,""
6781,1663396,14,""
6786,1664250,14,""
6791,1666295,14,""
6795,1666507,14,""
6800,1667934,14,""
6805,1668344,14,""
6809,1668496,14,""
6814,1668607,14,""
6819,1669701,14,""
6823,1671461,14,""
6828,1671939,14,""
6833,1672000,14,""
6837,1680716,15,""
6842,1683134,15,""
6846,1683749,15,""
6851,1684330,15,""
6856,1684644,15,""
6860,1684725,15,""
6865,1684754,15,""
6870,1685491,15,""
6874,1686215,15,""
6879,1688078,15,""
6884,1688750,15,""
6888,1693700,15,""
6893,1696214,15,""
6897,1697939,15,""
6902,1698129,15,""
6907,1699772,15,""
6912,1699948,15,""
6916,1699952,15,""
6921,0,13,""
6942,1688955,12,""
6946,1690267,12,""
6951,1691889,12,""
6956,1692867,12,""
6960,1694555,12,""
6965,1694674,12,""
6970,1695974,12,""
6974,1697429,12,""
6979,1700263,12,""
6984,1683294,17,""
6988,1684717,17,""
6993,1692113,17,""
6998,1682709,21,""
7003,1683359,21,""
7007,1683432,21,""
7012,1683624,27,""
7017,1687631,27,""
7021,1689162,27,""
7026,1692724,27,""
7031,1696532,27,""
7035,1697212,27,""
7040,1699630,27,""
7045,1637055,23,""
7049,1666958,23,""
7054,1680246,23,""
7059,1685330,23,""
7063,1689460,23,""
7068,1682763,22,""
7073,1682859,22,""
7077,1683426,22,""
7082,1684728,22,""
7087,1687191,22,""
7091,1681778,14,""
7096,1682727,14,""
7101,1682769,14,""
7106,1682829,14,""
7110,1682869,14,""
7115,1683354,14,""
7120,1683419,14,""
